ITEM NAME,CATEGORY NAME,SKU,HSN,UNIT NAME,ALERT QTY,BRAND NAME,LOT NUMBER,PRICE BEFORE TAX,TAX NAME,TAX VALUE,TAX TYPE,SALES PRICE,OPENING STOCK,CUSTOM BARCODE,SELLER POINTS,ITEM DESCIPTION,DISCOUNT TYPE,DISCOUNT,MRP,editeur,verificateur,traducteur,auteur,couverture,nature_de_Papier,n_edition,ISBN,annee_edition,emplacement,collection,BL,FA,theme,image
اداب و اخلاقيات مهنة القضاء و مهنة المحاماة,livres,,,PIECES,5,Brand 1,11,70,TVA,20,Inclusive,49,10,9789920,10,اداب و اخلاقيات مهنة القضاء و مهنة المحاماة,Percentage,30,70,دار الأفاق المغربية,,,عبد الرحيم بن سلامة,,,,,2021,,,,,القضاء ,uploads/items/1.jpg
استبعاد وترجيح الرسوم المثبتة لملكية عق 1/2,livres,,,PIECES,5,Brand 1,11,310,TVA,20,Inclusive,217,10,9789920508087,10,استبعاد وترجيح الرسوم المثبتة لملكية عق 1/2,Percentage,30,310,دار الأفاق المغربية,,,المصطفى الزرقاني,,,,,2023,,,,,القانون العقاري ,uploads/items/2.jpg
"اشغال الندوة الدولية حول موضوع ""دور الصكوك في تمويل التنمية بالمغرب """,livres,,,PIECES,5,Brand 1,11,100,TVA,20,Inclusive,70,10,342013,10,"اشغال الندوة الدولية حول موضوع ""دور الصكوك في تمويل التنمية بالمغرب """,Percentage,30,100,دار الأفاق المغربية,,,مؤلف جماعي,,,,,2022,,,,,قانون المالية ,uploads/items/3.jpg
الاجتهاد القضائي الاسري المغربي,livres,,,PIECES,5,Brand 1,11,150,TVA,20,Inclusive,105,10,9789920508032,10,الاجتهاد القضائي الاسري المغربي,Percentage,30,150,دار الأفاق المغربية,,,ادريس الطالب,,,,,2023,,,,,مدونة الأسرة ,uploads/items/4.jpg
الاجراءات العملية للتنفيذ القضائي المدني,livres,,,PIECES,5,Brand 1,11,60,TVA,20,Inclusive,42,10,9789920656450,10,الاجراءات العملية للتنفيذ القضائي المدني,Percentage,30,60,مكتبة الرشاد,,,الغالي راجي,,,,,2021,,,,,القانون المدني ,uploads/items/5.jpg
الادعاء المباشر و الشكاية المباشرة في التشريع المغربي,livres,,,PIECES,5,Brand 1,11,80,TVA,20,Inclusive,56,10,9789920765961,10,الادعاء المباشر و الشكاية المباشرة في التشريع المغربي,Percentage,30,80,دار الأفاق المغربية,,,عبد الرحيم زكار,,,,,2023,,,,,القانون الجنائي ,uploads/items/6.jpg
الادلة العلمية و مشروعيتها في التحقيق الجنائي,livres,,,PIECES,5,Brand 1,11,170,TVA,20,Inclusive,119,10,9789920508056,10,الادلة العلمية و مشروعيتها في التحقيق الجنائي,Percentage,30,170,دار الأفاق المغربية,,,محمد اولاد الحاج,,,,,2023,,,,,القانون الجنائي ,uploads/items/7.jpg
الاطار المفاهيمي في العلاقة الزوجية بين التوابث و المتغيرات,livres,,,PIECES,5,Brand 1,11,65,TVA,20,Inclusive,45.5,10,9789920988193,10,الاطار المفاهيمي في العلاقة الزوجية بين التوابث و المتغيرات,Percentage,30,65,دار الأفاق المغربية,,,محمد ابجطيط,,,,,2022,,,,,مدونة الأسرة ,uploads/items/8.jpg
الاعتقال الاحتياطي بين اجراءات البحث التمهيدي و القضائي,livres,,,PIECES,5,Brand 1,11,130,TVA,20,Inclusive,91,10,9789920765701,10,الاعتقال الاحتياطي بين اجراءات البحث التمهيدي و القضائي,Percentage,30,130,دار الأفاق المغربية,,,سعيد بوطويل,,,,,2021,,,,,القانون الجنائي ,uploads/items/9.jpg
الانعاش العقاري : دراسة قانونية تاصيلية مقارنة,livres,,,PIECES,5,Brand 1,11,100,TVA,20,Inclusive,70,10,9789920791595,10,الانعاش العقاري : دراسة قانونية تاصيلية مقارنة,Percentage,30,100,مكتبة الرشاد,,,سارة عبد الصمد,,,,,2021,,,,,القانون العقاري ,uploads/items/10.jpg
الاوراق التجارية -دراسة في وسائل الاداء و الائتمان -,livres,,,PIECES,5,Brand 1,11,100,TVA,20,Inclusive,70,10,1995185,10,الاوراق التجارية -دراسة في وسائل الاداء و الائتمان -,Percentage,30,100,دار الأفاق المغربية,,,محمد اخياظ,,,,,2023,,,,,القانون التجاري ,uploads/items/11.jpg
البعد البيئي للسياسة العمومية التعميرية بالمغرب,livres,,,PIECES,5,Brand 1,11,75,TVA,20,Inclusive,52.5,10,9789920996167,10,البعد البيئي للسياسة العمومية التعميرية بالمغرب,Percentage,30,75,دار الأفاق المغربية,,,فاكمة الزهراء سعيدي,,,,,2022,,,,,القانون العقاري ,uploads/items/12.jpg
التحكيم الداخلي و الدولي على ضوء قانون التحكيم المغربي الجديد,livres,,,PIECES,5,Brand 1,11,100,TVA,20,Inclusive,70,10,9789920508070,10,التحكيم الداخلي و الدولي على ضوء قانون التحكيم المغربي الجديد,Percentage,30,100,دار الأفاق المغربية,,,عبد الاالاه المحبوب,,,,,2023,,,,,القانون التجاري ,uploads/items/13.jpg
التدبير العمراني بالمغرب,livres,,,PIECES,5,Brand 1,11,150,TVA,20,Inclusive,105,10,9789920791557,10,التدبير العمراني بالمغرب,Percentage,30,150,مكتبة الرشاد,,,مصطفى جرموني,,,,,2021,,,,,القانون العقاري ,uploads/items/14.jpg
التنظيم الاداري المغربي ط 4 2021,livres,,,PIECES,5,Brand 1,11,70,TVA,20,Inclusive,49,10,9789920342498,10,التنظيم الاداري المغربي ط 4 2021,Percentage,30,70,دار الأفاق المغربية,,,عبد الواحد القريسي,,,,,2021,,,,,القانون الإداري ,uploads/items/15.jpg
التنظيم القانوني لاعلان التجاري,livres,,,PIECES,5,Brand 1,11,125,TVA,20,Inclusive,93.75,10,9789954693698,10,التنظيم القانوني لاعلان التجاري,Percentage,25,125,دار نشر المعرفة,,,احمد بوصوف,,,,,2021,,,,,القانون التجاري ,uploads/items/16.jpg
التنظيم القضائي,livres,,,PIECES,5,Brand 1,11,120,TVA,20,Inclusive,84,10,9789920656511,10,التنظيم القضائي,Percentage,30,120,مكتبة الرشاد,,,محمد نعناني,,,,,2022,,,,,القانون المدني ,uploads/items/17.jpg
التنظيم القضائي 2022,livres,,,PIECES,5,Brand 1,11,80,TVA,20,Inclusive,60,10,9789954321074,10,التنظيم القضائي 2022,Percentage,25,80,المؤلف,,,عبد الرحمان الشرقاوي,,,,,2022,,,,,القانون المدني ,uploads/items/18.jpg
التنظيم القضائي المغربي,livres,,,PIECES,5,Brand 1,11,120,TVA,20,Inclusive,84,10,9789920765923,10,التنظيم القضائي المغربي,Percentage,30,120,دار الأفاق المغربية,,,عبد القادر قرموش,,,,,2022,,,,,القانون المدني ,uploads/items/19.jpg
التنظيم القضائي ط 8,livres,,,PIECES,5,Brand 1,11,90,TVA,20,Inclusive,67.5,10,9789954321075,10,التنظيم القضائي ط 8,Percentage,25,90,المؤلف,,,عبد الرحمان الشرقاوي,,,,,2022,,,,,القانون المدني ,uploads/items/20.jpg
التوازن العقدي بين المكري و المكتري في القانون رقم 67.12,livres,,,PIECES,5,Brand 1,11,85,TVA,20,Inclusive,59.5,10,9789920765626,10,التوازن العقدي بين المكري و المكتري في القانون رقم 67.12,Percentage,30,85,دار الأفاق المغربية,,,محمد زرال,,,,,2021,,,,,القانون التجاري ,uploads/items/21.jpg
التوجهات الحديثة لمحكمة لنقض 1/2,livres,,,PIECES,5,Brand 1,11,180,TVA,20,Inclusive,135,10,9789954543955,10,التوجهات الحديثة لمحكمة لنقض 1/2,Percentage,25,180,مجلة القضاء المدني,,,زكرياء العماري,,,,,2023,,,,,القضاء ,uploads/items/22.jpg
الجماعات الترابية بالمغرب,livres,,,PIECES,5,Brand 1,11,120,TVA,20,Inclusive,84,10,9789920791670,10,الجماعات الترابية بالمغرب,Percentage,30,120,مكتبة الرشاد,,,سعيد جفري,,,,,2022,,,,,القانون العام,uploads/items/23.jpg
الحجوزات في قانون المسطرة المدنية المغربي,livres,,,PIECES,5,Brand 1,11,120,TVA,20,Inclusive,84,10,9789920988186,10,الحجوزات في قانون المسطرة المدنية المغربي,Percentage,30,120,دار الأفاق المغربية,,,محمد بلحاج الفحصي,,,,,2022,,,,,القانون المدني ,uploads/items/24.jpg
الحد من الجريمة و حماية حقوق الانسان,livres,,,PIECES,5,Brand 1,11,160,TVA,20,Inclusive,112,10,9789920765893,10,الحد من الجريمة و حماية حقوق الانسان,Percentage,30,160,دار الأفاق المغربية,,,سعيد بوتشكوكت,,,,,2022,,,,,القانون الجنائي ,uploads/items/25.jpg
الحلول الاجرائي في قانون المسطرة المدنية,livres,,,PIECES,5,Brand 1,11,85,TVA,20,Inclusive,59.5,10,9789920765978,10,الحلول الاجرائي في قانون المسطرة المدنية,Percentage,30,85,دار الأفاق المغربية,,,محمد الهبول,,,,,2022,,,,,القانون المدني ,uploads/items/1.jpg
الحماية الجنائية لتنفيذ الاحكام القضائية في الميدان المدني,livres,,,PIECES,5,Brand 1,11,75,TVA,20,Inclusive,52.5,10,9789920656740,10,الحماية الجنائية لتنفيذ الاحكام القضائية في الميدان المدني,Percentage,30,75,مكتبة الرشاد,,,بوشعيب الشرافي,,,,,2023,,,,,القانون الجنائي ,uploads/items/2.jpg
الحماية الجنائية للعمران بالمغرب في ضوء القانون الجنائي للتعمير,livres,,,PIECES,5,Brand 1,11,120,TVA,20,Inclusive,84,10,9789920329989,10,الحماية الجنائية للعمران بالمغرب في ضوء القانون الجنائي للتعمير,Percentage,30,120,مكتبة الرشاد,,,عمر مبروك,,,,,2021,,,,,القانون الجنائي ,uploads/items/3.jpg
الحماية القانونية للمستهلك في التشريع المغربي,livres,,,PIECES,5,Brand 1,11,110,TVA,20,Inclusive,77,10,9789920765602,10,الحماية القانونية للمستهلك في التشريع المغربي,Percentage,30,110,دار الأفاق المغربية,,,عبد اللطيف بوعلام,,,,,2021,,,,,قانون المستهلك,uploads/items/4.jpg
الحماية القانونية لمشتري العقار في طور الإنجاز,livres,,,PIECES,5,Brand 1,11,90,TVA,20,Inclusive,63,10,9789920946308,10,الحماية القانونية لمشتري العقار في طور الإنجاز,Percentage,30,90,دار الافاق المغربية,,,ألياس العابوسي,,,,,2021,,,,,القانون العقاري ,uploads/items/5.jpg
الدليل العملي لاجراءات التقاضي امام المحاكم ط 2,livres,,,PIECES,5,Brand 1,11,100,TVA,20,Inclusive,70,10,9789920791434,10,الدليل العملي لاجراءات التقاضي امام المحاكم ط 2,Percentage,30,100,مكتبة الرشاد,,,الشرقي الحراث,,,,,2021,,,,,القضاء ,uploads/items/6.jpg
الدليل القانوني و القضائي للعمل البنكي بالمغرب,livres,,,PIECES,5,Brand 1,11,140,TVA,20,Inclusive,98,10,9789920765916,10,الدليل القانوني و القضائي للعمل البنكي بالمغرب,Percentage,30,140,دار الأفاق المغربية,,,عبد الرحيم المؤذن,,,,,2022,,,,,القانون البنكي,uploads/items/7.jpg
الذكاء الصناعي,livres,,,PIECES,5,Brand 1,11,80,TVA,20,Inclusive,56,10,9789920508100,10,الذكاء الصناعي,Percentage,30,80,دار الأفاق المغربية,,,حسن السوسي,,,,,2023,,,,,القانون التجاري ,uploads/items/8.jpg
الرجل البرئ The Innocent Man,livres,,,PIECES,5,Brand 1,11,100,TVA,20,Inclusive,70,10,9789920645270,10,الرجل البرئ The Innocent Man,Percentage,30,100,دار الأفاق المغربية,,,مصطفى عثمان,,,,,2021,,,,,رواية ,uploads/items/9.jpg
الزمن في قانون الاستهلاك,livres,,,PIECES,5,Brand 1,11,55,TVA,20,Inclusive,38.5,10,9789920765657,10,الزمن في قانون الاستهلاك,Percentage,30,55,دار الأفاق المغربية,,,سكينة نصور,,,,,2021,,,,,قانون المستهلك,uploads/items/10.jpg
السياسة الجنائية في المجال المعلوماتي في التشريع المغربي,livres,,,PIECES,5,Brand 1,11,80,TVA,20,Inclusive,56,10,9789920656573,10,السياسة الجنائية في المجال المعلوماتي في التشريع المغربي,Percentage,30,80,مكتبة الرشاد,,,عبد الجليل مهرار,,,,,2022,,,,,القانون الجنائي ,uploads/items/11.jpg
السياسة الجنائية في مواجهة جرائم الفساد,livres,,,PIECES,5,Brand 1,11,135,TVA,20,Inclusive,94.5,10,9789954543795,10,السياسة الجنائية في مواجهة جرائم الفساد,Percentage,30,135,دار الأفاق المغربية,,,كوثر بوعسرية,,,,,2021,,,,,القانون الجنائي ,uploads/items/12.jpg
السياسة الجنائية في مواجهة جرائم الفساد المالي و الاداري,livres,,,PIECES,5,Brand 1,11,150,TVA,20,Inclusive,105,10,9789920656429,10,السياسة الجنائية في مواجهة جرائم الفساد المالي و الاداري,Percentage,30,150,مكتبة الرشاد,,,اشرف لصابري,,,,,2021,,,,,القانون الجنائي ,uploads/items/13.jpg
السياسة الجنائية و النموذج التنموي الجديد,livres,,,PIECES,5,Brand 1,11,100,TVA,20,Inclusive,70,10,9789920508025,10,السياسة الجنائية و النموذج التنموي الجديد,Percentage,30,100,دار الأفاق المغربية,,,عزيز بنزيان,,,,,2023,,,,,القانون الجنائي ,uploads/items/14.jpg
الشرح العملي لقانون التنظيم القضائي 38.15,livres,,,PIECES,5,Brand 1,11,120,TVA,20,Inclusive,84,10,9789920656665,10,الشرح العملي لقانون التنظيم القضائي 38.15,Percentage,30,120,مكتبة الرشاد,,,محمد نعناني,,,,,2022,,,,,القانون المدني ,uploads/items/15.jpg
العمل القضائي في قضايا المنازعات العقارية,livres,,,PIECES,5,Brand 1,11,120,TVA,20,Inclusive,90,10,9789920302517,10,العمل القضائي في قضايا المنازعات العقارية,Percentage,25,120,المؤلف,,,عبد العزيز ادزني,,,,,2022,,,,,القانون المدني ,uploads/items/16.jpg
القانون الجنائي المغربي ع 3,livres,,,PIECES,5,Brand 1,11,60,TVA,20,Inclusive,45,10,20200013,10,القانون الجنائي المغربي ع 3,Percentage,25,60,المؤلف,,,خليل مرزوق,,,,,2022,,,,,القانون الجنائي ,uploads/items/17.jpg
القانون الجنائي المغربي ع 3,livres,,,PIECES,5,Brand 1,11,60,TVA,20,Inclusive,45,10,27378162303,10,القانون الجنائي المغربي ع 3,Percentage,25,60,المؤلف,,,خليل مرزوق,,,,,2023,,,,,القانون الجنائي ,uploads/items/18.jpg
القانون الجنائي ع 1 /2021.2022,livres,,,PIECES,5,Brand 1,11,33,TVA,20,Inclusive,24.75,10,97899547094291,10,القانون الجنائي ع 1 /2021.2022,Percentage,25,33,دار القانون و الثقافة,,,عبد الكريم كمران,,,,,2021,,,,,القانون الجنائي ,uploads/items/19.jpg
القانون الجنائي ع 1 2022/2023,livres,,,PIECES,5,Brand 1,11,33,TVA,20,Inclusive,24.75,10,9789954709421,10,القانون الجنائي ع 1 2022/2023,Percentage,25,33,المؤلف,,,عبد الكريم كمران,,,,,2023,,,,,القانون الجنائي ,uploads/items/20.jpg
BARBIE VIE QUOTIDIENNE - T01 - BARBIE - VIE QUOTIDIENNE 01 - LE DEMENAGEMENT,livres,,,PIECES,5,Brand 1,11,81.00,TVA,20,Inclusive,52.65,10,9782017111146,10,,Percentage,35,81.00, HACHETTE JEUN.,,, MATTEL,,,,,02/01/2020,,,,,JEUNESSE,uploads/items/21.jpg
BARBIE VIE QUOTIDIENNE - T03 - BARBIE - VIE QUOTIDIENNE 03 - LA RENTREE DES CLASSES,livres,,,PIECES,5,Brand 1,11,81.00,TVA,20,Inclusive,52.65,10,9782016288481,10,,Percentage,35,81.00, HACHETTE JEUN.,,, MATTEL,,,,,16/09/2020,,,,,JEUNESSE,uploads/items/22.jpg
BIENVENUE CHEZ LES LOUD - T01 - BIENVENUE CHEZ LES LOUD 01 -  DES SOEURS D'ENFER !,livres,,,PIECES,5,Brand 1,11,81.00,TVA,20,Inclusive,52.65,10,9782017048657,10,,Percentage,35,81.00, HACHETTE JEUN.,,, NICKELODEON |  XXX,,,,,02/05/2018,,,,,JEUNESSE,uploads/items/23.jpg
BIENVENUE CHEZ LES LOUD - T02 - BIENVENUE CHEZ LES LOUD 02 - MESSAGE RECU !,livres,,,PIECES,5,Brand 1,11,81.00,TVA,20,Inclusive,105.3,10,9782017048732,10,,Percentage,35,81.00, HACHETTE JEUN.,,, NICKELODEON |  XXX,,,,,11/07/2018,,,,,JEUNESSE,uploads/items/24.jpg
BIENVENUE CHEZ LES LOUD - T03 - BIENVENUE CHEZ LES LOUD 03 - LE GRAND FRERE,livres,,,PIECES,5,Brand 1,11,81.00,TVA,20,Inclusive,105.3,10,9782017071600,10,,Percentage,35,81.00, HACHETTE JEUN.,,, NICKELODEON |  XXX,,,,,22/08/2018,,,,,JEUNESSE,uploads/items/25.jpg
BIENVENUE CHEZ LES LOUD - T10 - BIENVENUE CHEZ LES LOUD 10 - LA CAFTEUSE,livres,,,PIECES,5,Brand 1,11,81.00,TVA,20,Inclusive,52.65,10,9782011183309,10,,Percentage,35,81.00, HACHETTE JEUN.,,, NICKELODEON |  XXX,,,,,27/03/2019,,,,,JEUNESSE,uploads/items/1.jpg
BIENVENUE CHEZ LES LOUD - T11 - BIENVENUE CHEZ LES LOUD 11 - DES DUOS EXPLOSIFS,livres,,,PIECES,5,Brand 1,11,81.00,TVA,20,Inclusive,52.65,10,9782017089957,10,,Percentage,35,81.00, HACHETTE JEUN.,,, NICKELODEON |  XXX,,,,,05/06/2019,,,,,JEUNESSE,uploads/items/2.jpg
BIENVENUE CHEZ LES LOUD - T19 - BIENVENUE CHEZ LES LOUD 19 - MESURES DE SECURITE,livres,,,PIECES,5,Brand 1,11,81.00,TVA,20,Inclusive,52.65,10,9782017873303,10,,Percentage,35,81.00, HACHETTE JEUN.,,, NICKELODEON |  XXX,,,,,24/06/2020,,,,,JEUNESSE,uploads/items/3.jpg
BIENVENUE CHEZ LES LOUD - T21 - BIENVENUE CHEZ LES LOUD 21 - OPERATION SEDUCTION,livres,,,PIECES,5,Brand 1,11,81.00,TVA,20,Inclusive,52.65,10,9782016288856,10,,Percentage,35,81.00, HACHETTE JEUN.,,, XXX,,,,,23/09/2020,,,,,JEUNESSE,uploads/items/4.jpg
BIENVENUE CHEZ LES LOUD - T25 - BIENVENUE CHEZ LES LOUD 25 - LE CAMP DE L'ESPACE,livres,,,PIECES,5,Brand 1,11,81.00,TVA,20,Inclusive,105.3,10,9782017128168,10,,Percentage,35,81.00, HACHETTE JEUN.,,, XXX,,,,,03/03/2021,,,,,JEUNESSE,uploads/items/5.jpg
BIENVENUE CHEZ LES LOUD - T26 - BIENVENUE CHEZ LES LOUD 26 - UNE NUIT TERRIFIANTE,livres,,,PIECES,5,Brand 1,11,75.00,TVA,20,Inclusive,48.75,10,9782017145561,10,,Percentage,35,75.00, HACHETTE JEUN.,,, XXX,,,,,07/04/2021,,,,,JEUNESSE,uploads/items/6.jpg
BIENVENUE CHEZ LES LOUD - T27 - BIENVENUE CHEZ LES LOUD 27 - LE NAUFRAGE,livres,,,PIECES,5,Brand 1,11,81.00,TVA,20,Inclusive,105.3,10,9782017145578,10,,Percentage,35,81.00, HACHETTE JEUN.,,, XXX,,,,,09/06/2021,,,,,JEUNESSE,uploads/items/7.jpg
BIENVENUE CHEZ LES LOUD - T28 - BIENVENUE CHEZ LES LOUD 28 - UNE MAMAN PARFAITE,livres,,,PIECES,5,Brand 1,11,81.00,TVA,20,Inclusive,105.3,10,9782017145752,10,,Percentage,35,81.00, HACHETTE JEUN.,,, XXX,,,,,30/06/2021,,,,,JEUNESSE,uploads/items/8.jpg
BIENVENUE CHEZ LES LOUD - T29 - BIENVENUE CHEZ LES LOUD 29 - PANIQUE A L'ECOLE !,livres,,,PIECES,5,Brand 1,11,81.00,TVA,20,Inclusive,52.65,10,9782017162049,10,,Percentage,35,81.00, HACHETTE JEUN.,,, XXX,,,,,08/09/2021,,,,,JEUNESSE,uploads/items/9.jpg
BIENVENUE CHEZ LES LOUD - T30 - BIENVENUE CHEZ LES LOUD 30 - MYSTERE EN CUISINE,livres,,,PIECES,5,Brand 1,11,81.00,TVA,20,Inclusive,52.65,10,9782017162124,10,,Percentage,35,81.00, HACHETTE JEUN.,,, XXX,,,,,03/11/2021,,,,,JEUNESSE,uploads/items/10.jpg
"BIENVENUE CHEZ LES LOUD - T31 - BIENVENUE CHEZ LES LOUD 31 - COURAGE, CLYDE !",livres,,,PIECES,5,Brand 1,11,81.00,TVA,20,Inclusive,105.3,10,9782017162162,10,,Percentage,35,81.00, HACHETTE JEUN.,,, XXX,,,,,08/12/2021,,,,,JEUNESSE,uploads/items/11.jpg
BIENVENUE CHEZ LES LOUD - T32 - BIENVENUE CHEZ LES LOUD 32 - JAMAIS SANS LORI,livres,,,PIECES,5,Brand 1,11,81.00,TVA,20,Inclusive,105.3,10,9782017162261,10,,Percentage,35,81.00, HACHETTE JEUN.,,, XXX,,,,,12/01/2022,,,,,JEUNESSE,uploads/items/12.jpg
BIENVENUE CHEZ LES LOUD - T33 - BIENVENUE CHEZ LES LOUD 33 - LENI AUX COMMANDES,livres,,,PIECES,5,Brand 1,11,81.00,TVA,20,Inclusive,105.3,10,9782017162278,10,,Percentage,35,81.00, HACHETTE JEUN.,,, XXX,,,,,23/02/2022,,,,,JEUNESSE,uploads/items/13.jpg
BIENVENUE CHEZ LES LOUD - T34 - BIENVENUE CHEZ LES LOUD 34 - AGENTS SUPER SECRETS !,livres,,,PIECES,5,Brand 1,11,81.00,TVA,20,Inclusive,105.3,10,9782017179917,10,,Percentage,35,81.00, HACHETTE JEUN.,,, XXX,,,,,13/04/2022,,,,,JEUNESSE,uploads/items/14.jpg
BIENVENUE CHEZ LES LOUD - T35 - BIENVENUE CHEZ LES LOUD 35 - LE POUVOIR DE LA MAGIE,livres,,,PIECES,5,Brand 1,11,81.00,TVA,20,Inclusive,105.3,10,9782017179924,10,,Percentage,35,81.00, HACHETTE JEUN.,,, XXX,,,,,25/05/2022,,,,,JEUNESSE,uploads/items/15.jpg
BIENVENUE CHEZ LES LOUD - T36 - BIENVENUE CHEZ LES LOUD 36 - LA SCIENCE REND AVEUGLE,livres,,,PIECES,5,Brand 1,11,75.00,TVA,20,Inclusive,48.75,10,9782017180067,10,,Percentage,35,75.00, HACHETTE JEUN.,,, XXX,,,,,29/06/2022,,,,,JEUNESSE,uploads/items/16.jpg
LA COMTESSE DE SEGUR - T01 - LA COMTESSE DE SEGUR 01 NED - LES MALHEURS DE SOPHIE,livres,,,PIECES,5,Brand 1,11,89.00,TVA,20,Inclusive,115.7,10,9782017111207,10,,Percentage,35,89.00, HACHETTE JEUN.,,, XXX |  SEGUR (NEE ROSTOPCHI,,,,,01/07/2020,,,,,JEUNESSE,uploads/items/17.jpg
LA COMTESSE DE SEGUR - T02 - LA COMTESSE DE SEGUR 02 NED -LES PETITES FILLES MODELES,livres,,,PIECES,5,Brand 1,11,82.00,TVA,20,Inclusive,106.6,10,9782017120780,10,,Percentage,35,82.00, HACHETTE JEUN.,,, XXX |  SEGUR (NEE ROSTOPCHI,,,,,01/07/2020,,,,,JEUNESSE,uploads/items/18.jpg
LA COMTESSE DE SEGUR - T04 - LA COMTESSE DE SEGUR 04 NED- NOUVEAUX CONTES DE FEES,livres,,,PIECES,5,Brand 1,11,89.00,TVA,20,Inclusive,115.7,10,9782017128175,10,,Percentage,35,89.00, HACHETTE JEUN.,,, XXX |  SEGUR/MOTIN,,,,,20/01/2021,,,,,JEUNESSE,uploads/items/19.jpg
LA COMTESSE DE SEGUR - T05 - LA COMTESSE DE SEGUR 05 NED - MEMOIRES D'UN ANE,livres,,,PIECES,5,Brand 1,11,89.00,TVA,20,Inclusive,115.7,10,9782017145592,10,,Percentage,35,89.00, HACHETTE JEUN.,,, SEGUR |  XXX,,,,,14/04/2021,,,,,JEUNESSE,uploads/items/20.jpg
LA COMTESSE DE SEGUR - T06 - LA COMTESSE DE SEGUR 06 NED - LES BONS ENFANTS,livres,,,PIECES,5,Brand 1,11,89.00,TVA,20,Inclusive,115.7,10,9782017145769,10,,Percentage,35,89.00, HACHETTE JEUN.,,, COMTESSE DE SEGUR |  XXX,,,,,30/06/2021,,,,,JEUNESSE,uploads/items/21.jpg
LA COMTESSE DE SEGUR - T07 - LA COMTESSE DE SEGUR 07 NED - LES DEUX NIGAUDS,livres,,,PIECES,5,Brand 1,11,89.00,TVA,20,Inclusive,57.85,10,9782017162094,10,,Percentage,35,89.00, HACHETTE JEUN.,,, COMTESSE DE SEGUR |  XXX,,,,,20/10/2021,,,,,JEUNESSE,uploads/items/22.jpg
LA COMTESSE DE SEGUR - T08 - LA COMTESSE DE SEGUR 08 NED - L'AUBERGE DE L'ANGE-GARDIEN,livres,,,PIECES,5,Brand 1,11,89.00,TVA,20,Inclusive,115.7,10,9782017179801,10,,Percentage,35,89.00, HACHETTE JEUN.,,, XXX |  SEGUR (NEE ROSTOPCHI,,,,,19/01/2022,,,,,JEUNESSE,uploads/items/23.jpg
LA COMTESSE DE SEGUR - T09 - LA COMTESSE DE SEGUR 09 NED - LE GENERAL DOURAKINE,livres,,,PIECES,5,Brand 1,11,89.00,TVA,20,Inclusive,115.7,10,9782017179931,10,,Percentage,35,89.00, HACHETTE JEUN.,,, SEGUR |  XXX,,,,,30/03/2022,,,,,JEUNESSE,uploads/items/24.jpg
LE CLAN DES SEPT 01 NED - LE CLAN DES SEPT,livres,,,PIECES,5,Brand 1,11,81.00,TVA,20,Inclusive,52.65,10,9782017132820,10,,Percentage,35,81.00, HACHETTE JEUN.,,, BLYTON ENID |  XXX,,,,,09/03/2022,,,,,JEUNESSE,uploads/items/25.jpg
LE CLAN DES SEPT 02 NED - UNE NOUVELLE ENQUETE,livres,,,PIECES,5,Brand 1,11,81.00,TVA,20,Inclusive,105.3,10,9782017180401,10,,Percentage,35,81.00, HACHETTE JEUN.,,, BLYTON ENID |  XXX,,,,,09/03/2022,,,,,JEUNESSE,uploads/items/1.jpg
"LE CLAN DES SEPT 03 NED - BIEN JOUE, LE CLAN DES SEPT",livres,,,PIECES,5,Brand 1,11,81.00,TVA,20,Inclusive,52.65,10,9782017180432,10,,Percentage,35,81.00, HACHETTE JEUN.,,, BLYTON ENID,,,,,08/06/2022,,,,,JEUNESSE,uploads/items/2.jpg
LE CLUB DES CINQ - T01 - LE CLUB DES CINQ 01 NED - LE CLUB DES CINQ ET LE TRESOR DE L'ILE,livres,,,PIECES,5,Brand 1,11,89.00,TVA,20,Inclusive,115.7,10,9782017072126,10,,Percentage,35,89.00, HACHETTE JEUN.,,, BLYTON ENID,,,,,27/02/2019,,,,,JEUNESSE,uploads/items/3.jpg
LE CLUB DES CINQ - T02 - LE CLUB DES CINQ 02 NED - LE CLUB DES CINQ ET LE PASSAGE SECRET,livres,,,PIECES,5,Brand 1,11,89.00,TVA,20,Inclusive,57.85,10,9782017072133,10,,Percentage,35,89.00, HACHETTE JEUN.,,, BLYTON ENID,,,,,27/02/2019,,,,,JEUNESSE,uploads/items/4.jpg
LE CLUB DES CINQ - T03 - LE CLUB DES CINQ 03 NED - LE CLUB DES CINQ CONTRE-ATTAQUE,livres,,,PIECES,5,Brand 1,11,89.00,TVA,20,Inclusive,57.85,10,9782017072140,10,,Percentage,35,89.00, HACHETTE JEUN.,,, BLYTON ENID |  XXX,,,,,27/02/2019,,,,,JEUNESSE,uploads/items/5.jpg
LE CLUB DES CINQ - T04 - LE CLUB DES CINQ 04 NED - LE CLUB DES CINQ EN VACANCES,livres,,,PIECES,5,Brand 1,11,89.00,TVA,20,Inclusive,57.85,10,9782017072157,10,,Percentage,35,89.00, HACHETTE JEUN.,,, BLYTON ENID,,,,,27/02/2019,,,,,JEUNESSE,uploads/items/6.jpg
LE CLUB DES CINQ - T05 - LE CLUB DES CINQ 05 NED - LE CLUB DES CINQ EN PERIL,livres,,,PIECES,5,Brand 1,11,89.00,TVA,20,Inclusive,57.85,10,9782017072171,10,,Percentage,35,89.00, HACHETTE JEUN.,,, BLYTON ENID,,,,,27/02/2019,,,,,JEUNESSE,uploads/items/7.jpg
LE CLUB DES CINQ - T06 - LE CLUB DES CINQ 06 NED - LE CLUB DES CINQ ET LE CIRQUE DE L'ETOILE,livres,,,PIECES,5,Brand 1,11,89.00,TVA,20,Inclusive,57.85,10,9782017072188,10,,Percentage,35,89.00, HACHETTE JEUN.,,, BLYTON ENID,,,,,27/02/2019,,,,,JEUNESSE,uploads/items/8.jpg
LE CLUB DES CINQ - T07 - LE CLUB DES CINQ 07 NED - LE CLUB DES CINQ EN RANDONNEE,livres,,,PIECES,5,Brand 1,11,89.00,TVA,20,Inclusive,57.85,10,9782017072195,10,,Percentage,35,89.00, HACHETTE JEUN.,,, BLYTON ENID,,,,,27/02/2019,,,,,JEUNESSE,uploads/items/9.jpg
LE CLUB DES CINQ - T08 - LE CLUB DES CINQ 08 NED - LE CLUB DES CINQ PRIS AU PIEGE,livres,,,PIECES,5,Brand 1,11,89.00,TVA,20,Inclusive,57.85,10,9782017072201,10,,Percentage,35,89.00, HACHETTE JEUN.,,, BLYTON ENID,,,,,27/02/2019,,,,,JEUNESSE,uploads/items/10.jpg
LE CLUB DES CINQ - T09 - LE CLUB DES CINQ 09 NED - LE CLUB DES CINQ AUX SPORTS D'HIVER,livres,,,PIECES,5,Brand 1,11,89.00,TVA,20,Inclusive,57.85,10,9782011183170,10,,Percentage,35,89.00, HACHETTE JEUN.,,, BLYTON ENID,,,,,27/02/2019,,,,,JEUNESSE,uploads/items/11.jpg
LE CLUB DES CINQ - T10 - LE CLUB DES CINQ 10 NED - LE CLUB DES CINQ VA CAMPER,livres,,,PIECES,5,Brand 1,11,89.00,TVA,20,Inclusive,57.85,10,9782011183187,10,,Percentage,35,89.00, HACHETTE JEUN.,,, BLYTON ENID,,,,,27/02/2019,,,,,JEUNESSE,uploads/items/12.jpg
LE CLUB DES CINQ - T11 - LE CLUB DES CINQ 11 NED - LE CLUB DES CINQ AU BORD DE LA MER,livres,,,PIECES,5,Brand 1,11,89.00,TVA,20,Inclusive,115.7,10,9782017090014,10,,Percentage,35,89.00, HACHETTE JEUN.,,, BLYTON ENID,,,,,12/06/2019,,,,,JEUNESSE,uploads/items/13.jpg
LE CLUB DES CINQ - T12 - LE CLUB DES CINQ 12 NED - LE CLUB DES CINQ ET LE CHATEAU DE MAUCLERC,livres,,,PIECES,5,Brand 1,11,89.00,TVA,20,Inclusive,57.85,10,9782017097754,10,,Percentage,35,89.00, HACHETTE JEUN.,,, BLYTON ENID,,,,,02/10/2019,,,,,JEUNESSE,uploads/items/14.jpg
LE CLUB DES CINQ - T13 - LE CLUB DES CINQ NED 13 - LE CLUB DES CINQ JOUE ET GAGNE,livres,,,PIECES,5,Brand 1,11,89.00,TVA,20,Inclusive,57.85,10,9782017105237,10,,Percentage,35,89.00, HACHETTE JEUN.,,, BLYTON ENID,,,,,27/11/2019,,,,,JEUNESSE,uploads/items/15.jpg
LE CLUB DES CINQ - T14 - LE CLUB DES CINQ 14 NED - LA LOCOMOTIVE DU CLUB DES CINQ,livres,,,PIECES,5,Brand 1,11,89.00,TVA,20,Inclusive,57.85,10,9782017120575,10,,Percentage,35,89.00, BB ROSE VERTE |  HACHETTE JEUN.,,, BLYTON ENID |  BLYTON - E,,,,,05/02/2020,,,,,JEUNESSE,uploads/items/16.jpg
LE CLUB DES CINQ - T15 - LE CLUB DES CINQ 15 NED - ENLEVEMENT AU CLUB DES CINQ,livres,,,PIECES,5,Brand 1,11,89.00,TVA,20,Inclusive,57.85,10,9782017873174,10,,Percentage,35,89.00, HACHETTE JEUN.,,, BLYTON ENID |  XXX,,,,,27/05/2020,,,,,JEUNESSE,uploads/items/17.jpg
LE CLUB DES CINQ - T16 - LE CLUB DES CINQ 16 NED - LE CLUB DES CINQ ET LA MAISON HANTEE,livres,,,PIECES,5,Brand 1,11,89.00,TVA,20,Inclusive,57.85,10,9782016288948,10,,Percentage,35,89.00, HACHETTE JEUN.,,, BLYTON ENID |  XXX,,,,,19/08/2020,,,,,JEUNESSE,uploads/items/18.jpg
LE CLUB DES CINQ - T18 - LE CLUB DES CINQ NED 18 - LE CLUB DES CINQ ET LE COFFRE AUX MERVEILLES,livres,,,PIECES,5,Brand 1,11,89.00,TVA,20,Inclusive,57.85,10,9782017131939,10,,Percentage,35,89.00, HACHETTE JEUN.,,, BLYTON ENID,,,,,09/12/2020,,,,,JEUNESSE,uploads/items/19.jpg
LE CLUB DES CINQ - T19 - LE CLUB DES CINQ 19 NED - LA BOUSSOLE DU CLUB DES CINQ,livres,,,PIECES,5,Brand 1,11,89.00,TVA,20,Inclusive,115.7,10,9782017131984,10,,Percentage,35,89.00, HACHETTE JEUN.,,, BLYTON ENID |  XXX,,,,,20/01/2021,,,,,JEUNESSE,uploads/items/20.jpg
LE CLUB DES CINQ - T20 - LE CLUB DES CINQ 20 NED - LE CLUB DES CINQ ET LE SECRET DU VIEUX PUITS,livres,,,PIECES,5,Brand 1,11,89.00,TVA,20,Inclusive,115.7,10,9782017131991,10,,Percentage,35,89.00, HACHETTE JEUN.,,, BLYTON ENID |  XXX,,,,,10/03/2021,,,,,JEUNESSE,uploads/items/21.jpg
LE CLUB DES CINQ - T21 - LE CLUB DES CINQ 21 NED - EN EMBUSCADE,livres,,,PIECES,5,Brand 1,11,89.00,TVA,20,Inclusive,115.7,10,9782017132080,10,,Percentage,35,89.00, HACHETTE JEUN.,,, BLYTON ENID,,,,,12/05/2021,,,,,JEUNESSE,uploads/items/22.jpg
LE CLUB DES CINQ - T23 - LES CINQ 23 NED - LES CINQ AU CAP DES TEMPETES,livres,,,PIECES,5,Brand 1,11,89.00,TVA,20,Inclusive,115.7,10,9782017169925,10,,Percentage,35,89.00, HACHETTE JEUN.,,, XXX |  BLYTON/AUREN |  VOILIER/AUREN,,,,,03/11/2021,,,,,JEUNESSE,uploads/items/23.jpg
LE CLUB DES CINQ - T24 - LES CINQ 24 - LES CINQ MENENT L'ENQUETE,livres,,,PIECES,5,Brand 1,11,89.00,TVA,20,Inclusive,115.7,10,9782017170013,10,,Percentage,35,89.00, HACHETTE JEUN.,,, VOILIER CLAUDE |  XXX,,,,,02/02/2022,,,,,JEUNESSE,uploads/items/24.jpg
LE CLUB DES CINQ - T25 - LES CINQ 25 NED - LES CINQ A LA TELEVISION,livres,,,PIECES,5,Brand 1,11,89.00,TVA,20,Inclusive,115.7,10,9782017170051,10,,Percentage,35,89.00, HACHETTE JEUN.,,, VOILIER CLAUDE |  XXX,,,,,13/04/2022,,,,,JEUNESSE,uploads/items/25.jpg
LE CLUB DES CINQ - T26 - LES CINQ 26 NED - LES CINQ ET LES PIRATES DU CIEL,livres,,,PIECES,5,Brand 1,11,82.00,TVA,20,Inclusive,53.3,10,9782017170136,10,,Percentage,35,82.00, HACHETTE JEUN.,,, VOILIER CLAUDE,,,,,29/06/2022,,,,,JEUNESSE,uploads/items/1.jpg
LE CLUB DES CINQ - T27 - LES CINQ 27 NED - LES CINQ CONTRE LE MASQUE NOIR,livres,,,PIECES,5,Brand 1,11,89.00,TVA,20,Inclusive,57.85,10,9782017170143,10,,Percentage,35,89.00, HACHETTE JEUN.,,, VOILIER/AUREN,,,,,21/09/2022,,,,,JEUNESSE,uploads/items/2.jpg
LE CLUB DES CINQ 17 NED - ET LES PAPILLONS,livres,,,PIECES,5,Brand 1,11,89.00,TVA,20,Inclusive,57.85,10,9782016289099,10,,Percentage,35,89.00, HACHETTE JEUN.,,, BLYTON ENID |  XXX,,,,,07/10/2020,,,,,JEUNESSE,uploads/items/3.jpg
LE CLUB DES CINQ JUNIOR - T02 - LE CLUB DES CINQ JUNIOR 02 - LE MYSTERE DE L'ILE,livres,,,PIECES,5,Brand 1,11,81.00,TVA,20,Inclusive,52.65,10,9782016255667,10,,Percentage,35,81.00, HACHETTE JEUN. |  BB ROSE VERTE,,, Claudia Malacrida  |  BLYTON-E |  BLYTON ENID |  XXX,,,,,31/05/2017,,,,,JEUNESSE,uploads/items/4.jpg
LE CLUB DES CINQ JUNIOR - T03 - LE CLUB DES CINQ JUNIOR 03 - UNE ETRANGE RENCONTRE,livres,,,PIECES,5,Brand 1,11,81.00,TVA,20,Inclusive,52.65,10,9782016265857,10,,Percentage,35,81.00, HACHETTE JEUN.,,, BLYTON ENID |  XXX,,,,,27/09/2017,,,,,JEUNESSE,uploads/items/5.jpg
"LE CLUB DES CINQ JUNIOR - T05 - LE CLUB DES CINQ JUNIOR 05 - BRAVO, LE CLUB DES CINQ !",livres,,,PIECES,5,Brand 1,11,81.00,TVA,20,Inclusive,52.65,10,9782017039884,10,,Percentage,35,81.00, HACHETTE JEUN.,,, BLYTON ENID |  XXX,,,,,07/03/2018,,,,,JEUNESSE,uploads/items/6.jpg
"LE CLUB DES CINQ JUNIOR - T06 - LE CLUB DES CINQ JUNIOR 06 - QUEL FLAIR, CE DAGOBERT !",livres,,,PIECES,5,Brand 1,11,81.00,TVA,20,Inclusive,52.65,10,9782017048497,10,,Percentage,35,81.00, HACHETTE JEUN.,,, BLYTON ENID |  XXX,,,,,30/05/2018,,,,,JEUNESSE,uploads/items/7.jpg
LE CLUB DES CINQ JUNIOR - T08 - LE CLUB DES CINQ JUNIOR 08 - ENQUETE SOUS LA NEIGE,livres,,,PIECES,5,Brand 1,11,81.00,TVA,20,Inclusive,52.65,10,9782017071679,10,,Percentage,35,81.00, HACHETTE JEUN.,,, BLYTON ENID,,,,,28/11/2018,,,,,JEUNESSE,uploads/items/8.jpg
LE CLUB DES CINQ JUNIOR - T09 - LE CLUB DES CINQ JUNIOR 09 - UN CADEAU MAUDIT,livres,,,PIECES,5,Brand 1,11,81.00,TVA,20,Inclusive,105.3,10,9782017111214,10,,Percentage,35,81.00, HACHETTE JEUN.,,, BLYTON ENID |  XXX,,,,,08/01/2020,,,,,JEUNESSE,uploads/items/9.jpg
LE CLUB DES CINQ JUNIOR - T10 - LE CLUB DES CINQ JUNIOR 10 - A LA RESCOUSSE,livres,,,PIECES,5,Brand 1,11,81.00,TVA,20,Inclusive,52.65,10,9782017873372,10,,Percentage,35,81.00, HACHETTE JEUN.,,, BLYTON ENID |  XXX,,,,,01/07/2020,,,,,JEUNESSE,uploads/items/10.jpg
LE CLUB DES CINQ JUNIOR - T11 - LE CLUB DES CINQ JUNIOR 11 - LE TRESOR DE DAGOBERT,livres,,,PIECES,5,Brand 1,11,89.00,TVA,20,Inclusive,57.85,10,9782017180449,10,,Percentage,35,89.00, HACHETTE JEUN.,,, BLYTON ENID |  XXX,,,,,27/04/2022,,,,,JEUNESSE,uploads/items/11.jpg
L'ECOLE DES LICORNES - T01 - L'ECOLE DES LICORNES 01 - SOPHIA ET RAINBOW,livres,,,PIECES,5,Brand 1,11,81.00,TVA,20,Inclusive,52.65,10,9782017072072,10,,Percentage,35,81.00, HACHETTE JEUN.,,, SYKES JULIE |  XXX,,,,,31/10/2018,,,,,JEUNESSE,uploads/items/12.jpg
L'ECOLE DES LICORNES - T11 - L'ECOLE DES LICORNES 11 - VIOLETTE ET ETINCELLE,livres,,,PIECES,5,Brand 1,11,81.00,TVA,20,Inclusive,52.65,10,9782017120766,10,,Percentage,35,81.00, HACHETTE JEUN.,,, XXX,,,,,23/09/2020,,,,,JEUNESSE,uploads/items/13.jpg
L'ECOLE DES LICORNES - T18 - L'ECOLE DES LICORNES 18 - EVIE ET SOLEIL,livres,,,PIECES,5,Brand 1,11,81.00,TVA,20,Inclusive,52.65,10,9782017162551,10,,Percentage,35,81.00, HACHETTE JEUN.,,, XXX,,,,,08/12/2021,,,,,JEUNESSE,uploads/items/14.jpg
L'ECOLE DES LICORNES - T19 - L'ECOLE DES LICORNES 19 - IVY ET TISON,livres,,,PIECES,5,Brand 1,11,81.00,TVA,20,Inclusive,52.65,10,9782017162599,10,,Percentage,35,81.00, HACHETTE JEUN.,,, XXX,,,,,09/03/2022,,,,,JEUNESSE,uploads/items/15.jpg
L'ETALON NOIR - T06 - L'ETALON NOIR 06 NED - LA REVOLTE DE L'ETALON NOIR,livres,,,PIECES,5,Brand 1,11,82.00,TVA,20,Inclusive,53.3,10,9782017169918,10,,Percentage,35,82.00, HACHETTE JEUN.,,, FARLEY WALTER |  XXX,,,,,09/03/2022,,,,,JEUNESSE,uploads/items/16.jpg
L'ETALON NOIR - T09 - L'ETALON NOIR 09 NED - LE SECRET DE L'ETALON NOIR,livres,,,PIECES,5,Brand 1,11,89.00,TVA,20,Inclusive,57.85,10,9782017203926,10,,Percentage,35,89.00, HACHETTE JEUN.,,, FARLEY WALTER,,,,,02/11/2022,,,,,JEUNESSE,uploads/items/17.jpg
LOL SURPRISE - T14 - L.O.L. SURPRISE ! 14 - COIFFURES SUR MESURE,livres,,,PIECES,5,Brand 1,11,81.00,TVA,20,Inclusive,52.65,10,9782017131182,10,,Percentage,35,81.00, HACHETTE JEUN.,,, XXX,,,,,14/04/2021,,,,,JEUNESSE,uploads/items/18.jpg
LOL SURPRISE - T16 - L.O.L. SURPRISE ! 16 - SUR LES CHAPEAUX DE ROUES !,livres,,,PIECES,5,Brand 1,11,81.00,TVA,20,Inclusive,52.65,10,9782017131328,10,,Percentage,35,81.00, HACHETTE JEUN.,,, XXX,,,,,07/07/2021,,,,,JEUNESSE,uploads/items/19.jpg
LOLIROCK - T01 - LOLIROCK 01 - LE POUVOIR DE L'AMITIE,livres,,,PIECES,5,Brand 1,11,81.00,TVA,20,Inclusive,52.65,10,9782012047693,10,,Percentage,35,81.00, BB ROSE VERTE |  HACHETTE JEUN.,,, Claudia Malacrida  |  MARATHON MEDIA |  XXX,,,,,01/04/2015,,,,,JEUNESSE,uploads/items/20.jpg
LOLIROCK - T02 - LOLIROCK 02 - LA MAGIE DE L'AMOUR,livres,,,PIECES,5,Brand 1,11,81.00,TVA,20,Inclusive,52.65,10,9782012047709,10,,Percentage,35,81.00, BB ROSE VERTE |  HACHETTE JEUN.,,, Claudia Malacrida  |  MARATHON MEDIA |  XXX,,,,,01/04/2015,,,,,JEUNESSE,uploads/items/21.jpg
LOLIROCK - T03 - LOLIROCK 03 - LE MEDAILLON D'IZIRA,livres,,,PIECES,5,Brand 1,11,81.00,TVA,20,Inclusive,52.65,10,9782012047716,10,,Percentage,35,81.00, BB ROSE VERTE |  HACHETTE JEUN.,,, Claudia Malacrida  |  MARATHON MEDIA |  XXX,,,,,02/09/2015,,,,,JEUNESSE,uploads/items/22.jpg
LOLIROCK - T04 - LOLIROCK 04 - MEMOIRE TROUBLE,livres,,,PIECES,5,Brand 1,11,81.00,TVA,20,Inclusive,52.65,10,9782011463128,10,,Percentage,35,81.00, BB ROSE VERTE |  HACHETTE JEUN.,,, Claudia Malacrida  |  MARATHON MEDIA |  XXX,,,,,02/12/2015,,,,,JEUNESSE,uploads/items/23.jpg
LOLIROCK - T05 - LOLIROCK 05 - LES PELUCHES ENSORCELEES,livres,,,PIECES,5,Brand 1,11,81.00,TVA,20,Inclusive,52.65,10,9782012318793,10,,Percentage,35,81.00, BB ROSE VERTE |  HACHETTE JEUN.,,, MARATHON MEDIA |  XXX,,,,,09/03/2016,,,,,JEUNESSE,uploads/items/24.jpg
LOLIROCK - T06 - LOLIROCK 06 - MUSIQUE MAGIQUE,livres,,,PIECES,5,Brand 1,11,81.00,TVA,20,Inclusive,52.65,10,9782012317109,10,,Percentage,35,81.00, BB ROSE VERTE |  HACHETTE JEUN.,,, MARATHON MEDIA |  XXX,,,,,15/06/2016,,,,,JEUNESSE,uploads/items/25.jpg
LOLIROCK - T08 - LOLIROCK 08 - UNE SURPRISE DECOIFFANTE,livres,,,PIECES,5,Brand 1,11,81.00,TVA,20,Inclusive,52.65,10,9782011801456,10,,Percentage,35,81.00, BB ROSE VERTE |  HACHETTE JEUN.,,, Claudia Malacrida  |  MARATHON MEDIA |  XXX,,,,,14/12/2016,,,,,JEUNESSE,uploads/items/1.jpg
LOLIROCK - T12 - LOLIROCK 12 - UNE SOIREE ENCHANTERESSE,livres,,,PIECES,5,Brand 1,11,81.00,TVA,20,Inclusive,52.65,10,9782016265895,10,,Percentage,35,81.00, BB ROSE VERTE |  HACHETTE JEUN.,,, MARATHON MEDIA |  XXX,,,,,28/06/2017,,,,,JEUNESSE,uploads/items/2.jpg
LOLIROCK - T14 - LOLIROCK 14 - UNE CROISIERE DE REVE,livres,,,PIECES,5,Brand 1,11,81.00,TVA,20,Inclusive,52.65,10,9782017034926,10,,Percentage,35,81.00, HACHETTE JEUN.,,, MARATHON MEDIA |  XXX,,,,,18/10/2017,,,,,JEUNESSE,uploads/items/3.jpg
LOLIROCK - T17 - LOLIROCK 17 - LES JUMEAUX MACHIAVELIQUES,livres,,,PIECES,5,Brand 1,11,81.00,TVA,20,Inclusive,52.65,10,9782017040262,10,,Percentage,35,81.00, HACHETTE JEUN.,,, MARATHON MEDIA |  XXX,,,,,09/05/2018,,,,,JEUNESSE,uploads/items/4.jpg
LOLIROCK - T18 - LOLIROCK 18 - UN MYSTERIEUX CADEAU,livres,,,PIECES,5,Brand 1,11,81.00,TVA,20,Inclusive,52.65,10,9782017048787,10,,Percentage,35,81.00, HACHETTE JEUN.,,, MARATHON MEDIA |  XXX,,,,,11/07/2018,,,,,JEUNESSE,uploads/items/5.jpg
LOLIROCK - T20 - LOLIROCK 20 - PRINCESSE MALEFIQUE,livres,,,PIECES,5,Brand 1,11,81.00,TVA,20,Inclusive,52.65,10,9782017071907,10,,Percentage,35,81.00, HACHETTE JEUN.,,, MARATHON MEDIA,,,,,14/11/2018,,,,,JEUNESSE,uploads/items/6.jpg
LOLIROCK - T22 - LOLIROCK 22 - UNE PRINCESSE DE POCHE,livres,,,PIECES,5,Brand 1,11,81.00,TVA,20,Inclusive,52.65,10,9782011183491,10,,Percentage,35,81.00, HACHETTE JEUN.,,, MARATHON MEDIA,,,,,15/05/2019,,,,,JEUNESSE,uploads/items/7.jpg
LOLIROCK - T25 - LOLIROCK 25 - UNE ALLIANCE INATTENDUE,livres,,,PIECES,5,Brand 1,11,81.00,TVA,20,Inclusive,52.65,10,9782017120582,10,,Percentage,35,81.00, HACHETTE JEUN.,,, MARATHON MEDIA,,,,,05/02/2020,,,,,JEUNESSE,uploads/items/8.jpg
LOLIROCK - T26 - LOLIROCK 26 - UN MESSAGE TROUBLANT,livres,,,PIECES,5,Brand 1,11,81.00,TVA,20,Inclusive,52.65,10,9782017873198,10,,Percentage,35,81.00, HACHETTE JEUN.,,, MARATHON MEDIA,,,,,24/06/2020,,,,,JEUNESSE,uploads/items/9.jpg
"LOLIROCK - T28 - LOLIROCK 28 - SILENCE, CA TOURNE !",livres,,,PIECES,5,Brand 1,11,81.00,TVA,20,Inclusive,52.65,10,9782017128106,10,,Percentage,35,81.00, HACHETTE JEUN.,,, MARATHON MEDIA,,,,,12/11/2020,,,,,JEUNESSE,uploads/items/10.jpg
LOLIROCK - T29 - LOLIROCK 29 - LE CHOIX DU COEUR,livres,,,PIECES,5,Brand 1,11,81.00,TVA,20,Inclusive,52.65,10,9782017128229,10,,Percentage,35,81.00, HACHETTE JEUN.,,, MARATHON MEDIA,,,,,17/02/2021,,,,,JEUNESSE,uploads/items/11.jpg
LOLIROCK - T30 - LOLIROCK 30 - LA CHASSE AU TRESOR,livres,,,PIECES,5,Brand 1,11,81.00,TVA,20,Inclusive,105.3,10,9782017145677,10,,Percentage,35,81.00, HACHETTE JEUN.,,, MARATHON MEDIA,,,,,12/05/2021,,,,,JEUNESSE,uploads/items/12.jpg
LOLIROCK - T31 - LOLIROCK 31 - UN SECRET DEVOILE,livres,,,PIECES,5,Brand 1,11,81.00,TVA,20,Inclusive,52.65,10,9782017162018,10,,Percentage,35,81.00, HACHETTE JEUN.,,, MARATHON MEDIA,,,,,11/08/2021,,,,,JEUNESSE,uploads/items/13.jpg
LOLIROCK - T32 - LOLIROCK 32 - L'APPRENTI MAGICIEN,livres,,,PIECES,5,Brand 1,11,81.00,TVA,20,Inclusive,52.65,10,9782017162148,10,,Percentage,35,81.00, HACHETTE JEUN.,,, MARATHON MEDIA,,,,,17/11/2021,,,,,JEUNESSE,uploads/items/14.jpg
LOLIROCK - T33 - LOLIROCK 33 - LA CUEILLETTE DE CRISTAL NOIR,livres,,,PIECES,5,Brand 1,11,81.00,TVA,20,Inclusive,105.3,10,9782017179818,10,,Percentage,35,81.00, HACHETTE JEUN.,,, MARATHON MEDIA,,,,,26/01/2022,,,,,JEUNESSE,uploads/items/15.jpg
LOLIROCK - T34 - LOLIROCK 34 - LE LOLI-SMOOTHIE,livres,,,PIECES,5,Brand 1,11,81.00,TVA,20,Inclusive,105.3,10,9782017179948,10,,Percentage,35,81.00, HACHETTE JEUN.,,, MARATHON MEDIA,,,,,04/05/2022,,,,,JEUNESSE,uploads/items/16.jpg
LOLIROCK - T35 - LOLIROCK 35 - LA DANSE MAUDITE,livres,,,PIECES,5,Brand 1,11,81.00,TVA,20,Inclusive,52.65,10,9782017201991,10,,Percentage,35,81.00, HACHETTE JEUN.,,, MARATHON MEDIA,,,,,24/08/2022,,,,,JEUNESSE,uploads/items/17.jpg
"MA VIE, MES COPINES - T22 - MA VIE, MES COPINES 22 - ULTRA POPULAIRE",livres,,,PIECES,5,Brand 1,11,81.00,TVA,20,Inclusive,52.65,10,9782017145684,10,,Percentage,35,81.00, HACHETTE JEUN.,,, KALENGULA/ALBIERO,,,,,19/05/2021,,,,,JEUNESSE,uploads/items/18.jpg
"MA VIE, MES COPINES - T23 - MA VIE, MES COPINES 23 - APPRENTIES STYLISTES",livres,,,PIECES,5,Brand 1,11,81.00,TVA,20,Inclusive,52.65,10,9782017162025,10,,Percentage,35,81.00, HACHETTE JEUN.,,, KALENGULA/ALBIERO,,,,,25/08/2021,,,,,JEUNESSE,uploads/items/19.jpg
MES AMIS LES CHEVAUX - SOPHIE THALMANN - T04 - MES AMIS LES CHEVAUX 04 - UN RIVAL INATTENDU,livres,,,PIECES,5,Brand 1,11,81.00,TVA,20,Inclusive,52.65,10,9782012044173,10,,Percentage,35,81.00, BB ROSE VERTE |  HACHETTE JEUN.,,, Claudia Malacrida  |  THALMANN SOPHIE |  XXX,,,,,12/03/2014,,,,,JEUNESSE,uploads/items/20.jpg
MES AMIS LES CHEVAUX - SOPHIE THALMANN - T23 - MES AMIS LES CHEVAUX 23 - LE COURAGE DE FELINE,livres,,,PIECES,5,Brand 1,11,81.00,TVA,20,Inclusive,52.65,10,9782017061366,10,,Percentage,35,81.00, HACHETTE JEUN.,,, THALMANN SOPHIE |  XXX,,,,,26/09/2018,,,,,JEUNESSE,uploads/items/21.jpg
MES AMIS LES CHEVAUX - SOPHIE THALMANN - T31 - MES AMIS LES CHEVAUX 31 - UN SACRE CHANTIER !,livres,,,PIECES,5,Brand 1,11,81.00,TVA,20,Inclusive,52.65,10,9782016288351,10,,Percentage,35,81.00, HACHETTE JEUN.,,, THALMANN SOPHIE,,,,,26/08/2020,,,,,JEUNESSE,uploads/items/22.jpg
"MES AMIS LES CHEVAUX - SOPHIE THALMANN - T34 - MES AMIS LES CHEVAUX 34 - ATTENTION, FELINE !",livres,,,PIECES,5,Brand 1,11,81.00,TVA,20,Inclusive,52.65,10,9782017131212,10,,Percentage,35,81.00, HACHETTE JEUN.,,, THALMANN SOPHIE,,,,,21/04/2021,,,,,JEUNESSE,uploads/items/23.jpg
MES AMIS LES CHEVAUX - SOPHIE THALMANN - T37 - MES AMIS LES CHEVAUX 37 - UNE MEDAILLE POUR MOUSTIQUE,livres,,,PIECES,5,Brand 1,11,81.00,TVA,20,Inclusive,52.65,10,9782017180104,10,,Percentage,35,81.00, HACHETTE JEUN.,,, THALMANN SOPHIE,,,,,09/02/2022,,,,,JEUNESSE,uploads/items/24.jpg
MES AMIS LES CHEVAUX - SOPHIE THALMANN - T40 - MES AMIS LES CHEVAUX 40 - LA CLAIRIERE ENSORCELEE,livres,,,PIECES,5,Brand 1,11,81.00,TVA,20,Inclusive,52.65,10,9782017180296,10,,Percentage,35,81.00, HACHETTE JEUN.,,, THALMANN SOPHIE,,,,,02/11/2022,,,,,JEUNESSE,uploads/items/25.jpg
MIRACULOUS - T13 - MIRACULOUS 13 - UNE NOUVELLE HEROINE,livres,,,PIECES,5,Brand 1,11,81.00,TVA,20,Inclusive,52.65,10,9782017061373,10,,Percentage,35,81.00, HACHETTE JEUN.,,, XXX,,,,,12/09/2018,,,,,JEUNESSE,uploads/items/1.jpg
MIRACULOUS - T30 - MIRACULOUS 30 - MISTER BUG ET LADY NOIRE,livres,,,PIECES,5,Brand 1,11,81.00,TVA,20,Inclusive,52.65,10,9782017128205,10,,Percentage,35,81.00, HACHETTE JEUN.,,, XXX,,,,,03/03/2021,,,,,JEUNESSE,uploads/items/2.jpg
MIRACULOUS - T31 - MIRACULOUS 31 - GRAND-PERE D'ENFER,livres,,,PIECES,5,Brand 1,11,81.00,TVA,20,Inclusive,52.65,10,9782017145615,10,,Percentage,35,81.00, HACHETTE JEUN.,,, XXX,,,,,12/05/2021,,,,,JEUNESSE,uploads/items/3.jpg
MIRACULOUS - T32 - MIRACULOUS 32 - LE PIEGE DU PAPILLON,livres,,,PIECES,5,Brand 1,11,81.00,TVA,20,Inclusive,52.65,10,9782017145639,10,,Percentage,35,81.00, HACHETTE JEUN.,,, XXX,,,,,02/06/2021,,,,,JEUNESSE,uploads/items/4.jpg
MIRACULOUS - T33 - MIRACULOUS 33 - LA GARDIENNE DES MIRACULOUS,livres,,,PIECES,5,Brand 1,11,81.00,TVA,20,Inclusive,52.65,10,9782017145776,10,,Percentage,35,81.00, HACHETTE JEUN.,,, XXX,,,,,07/07/2021,,,,,JEUNESSE,uploads/items/5.jpg
MIRACULOUS - T34 - MIRACULOUS 34 - LE NOUVEAU PAPILLON,livres,,,PIECES,5,Brand 1,11,81.00,TVA,20,Inclusive,52.65,10,9782017145783,10,,Percentage,35,81.00, HACHETTE JEUN.,,, XXX,,,,,08/09/2021,,,,,JEUNESSE,uploads/items/6.jpg
MIRACULOUS - T35 - MIRACULOUS 35 - PRETE A TOUT,livres,,,PIECES,5,Brand 1,11,81.00,TVA,20,Inclusive,52.65,10,9782017162155,10,,Percentage,35,81.00, HACHETTE JEUN.,,, XXX,,,,,10/11/2021,,,,,JEUNESSE,uploads/items/7.jpg
MIRACULOUS - T36 - MIRACULOUS 36 - MEILLEURES ENNEMIES,livres,,,PIECES,5,Brand 1,11,81.00,TVA,20,Inclusive,52.65,10,9782017179832,10,,Percentage,35,81.00, HACHETTE JEUN.,,, XXX,,,,,19/01/2022,,,,,JEUNESSE,uploads/items/8.jpg
MIRACULOUS - T37 - MIRACULOUS 37 - LE RETOUR DE MAITRE FU,livres,,,PIECES,5,Brand 1,11,81.00,TVA,20,Inclusive,52.65,10,9782017179849,10,,Percentage,35,81.00, HACHETTE JEUN.,,, XXX,,,,,09/03/2022,,,,,JEUNESSE,uploads/items/9.jpg
MIRACULOUS - T38 - MIRACULOUS 38 - CHLOE BIS,livres,,,PIECES,5,Brand 1,11,81.00,TVA,20,Inclusive,52.65,10,9782017179962,10,,Percentage,35,81.00, HACHETTE JEUN.,,, XXX,,,,,11/05/2022,,,,,JEUNESSE,uploads/items/10.jpg
MIRACULOUS - T39 - MIRACULOUS 39 - AMOURS CROISEES,livres,,,PIECES,5,Brand 1,11,81.00,TVA,20,Inclusive,52.65,10,9782017179979,10,,Percentage,35,81.00, HACHETTE JEUN.,,, XXX,,,,,08/06/2022,,,,,JEUNESSE,uploads/items/11.jpg
MIRACULOUS - T41 - MIRACULOUS 41 - LE SECRET DE MARINETTE,livres,,,PIECES,5,Brand 1,11,81.00,TVA,20,Inclusive,52.65,10,9782017201984,10,,Percentage,35,81.00, HACHETTE JEUN.,,, XXX,,,,,26/10/2022,,,,,JEUNESSE,uploads/items/12.jpg
NOS VOYAGES DANS L'HISTOIRE - T01 - NOS VOYAGES DANS L'HISTOIRE 01 - ENQUETE A CHAMBORD,livres,,,PIECES,5,Brand 1,11,81.00,TVA,20,Inclusive,52.65,10,9782017179900,10,,Percentage,35,81.00, HACHETTE JEUN.,,, CAHOUR/DEROO,,,,,23/03/2022,,,,,JEUNESSE,uploads/items/13.jpg
POKEMON SOLEIL ET LUNE - T02 - POKEMON SOLEIL ET LUNE 02 - BIENVENUE A L'ECOLE POKEMON !,livres,,,PIECES,5,Brand 1,11,81.00,TVA,20,Inclusive,52.65,10,9782017034971,10,,Percentage,35,81.00, HACHETTE JEUN.,,, POKEMON |  XXX,,,,,11/10/2017,,,,,JEUNESSE,uploads/items/14.jpg
POKEMON SOLEIL ET LUNE - T19 - POKEMON SOLEIL ET LUNE 19 - ENQUETE AU MONT WELA,livres,,,PIECES,5,Brand 1,11,81.00,TVA,20,Inclusive,52.65,10,9782017120469,10,,Percentage,35,81.00, HACHETTE JEUN.,,, POKEMON COMPANY THE,,,,,15/01/2020,,,,,JEUNESSE,uploads/items/15.jpg
LA COMTESSE DE SEGUR - T10 - LA COMTESSE DE SEGUR 10 NED - FRANCOIS LE BOSSU,livres,,,PIECES,5,Brand 1,11,89.00,TVA,20,Inclusive,115.7,10,9782017201953,10,,Percentage,35,89.00, HACHETTE JEUN.,,, SEGUR,,,,,24/08/2022,,,,,JEUNESSE,uploads/items/16.jpg
LA COMTESSE DE SEGUR - T11 - LA COMTESSE DE SEGUR 11 NED - UN BON PETIT DIABLE,livres,,,PIECES,5,Brand 1,11,89.00,TVA,20,Inclusive,115.7,10,9782017202110,10,,Percentage,35,89.00, HACHETTE JEUN.,,, SEGUR/MOTIN,,,,,07/12/2022,,,,,JEUNESSE,uploads/items/17.jpg
LA COMTESSE DE SEGUR - T12 - LA COMTESSE DE SEGUR 12 NED - JEAN QUI GROGNE ET JEAN QUI RIT,livres,,,PIECES,5,Brand 1,11,89.00,TVA,20,Inclusive,115.7,10,9782017214250,10,,Percentage,35,89.00, HACHETTE JEUN.,,, DE SEGUR/MOTIN,,,,,18/01/2023,,,,,JEUNESSE,uploads/items/18.jpg
LA COMTESSE DE SEGUR - COFFRET COMTESSE DE SEGUR - LA TRILOGIE DE FLEURVILLE,livres,,,PIECES,5,Brand 1,11,267.00,TVA,20,Inclusive,347.1,10,9782017128120,10,,Percentage,35,267.00, HACHETTE JEUN.,,, SEGUR |  XXX,,,,,30/09/2020,,,,,JEUNESSE,uploads/items/19.jpg
LE CLUB DES CINQ JUNIOR - T12 - LE CLUB DES CINQ JUNIOR 12 - LA CHIENNE FUGUEUSE,livres,,,PIECES,5,Brand 1,11,81.00,TVA,20,Inclusive,52.65,10,9782017180555,10,,Percentage,35,81.00, HACHETTE JEUN.,,, BLYTON ENID,,,,,31/08/2022,,,,,JEUNESSE,uploads/items/20.jpg
LE CLUB DES CINQ JUNIOR - T07 - LE CLUB DES CINQ JUNIOR 07 - UNE JOURNEE MOUVEMENTEE,livres,,,PIECES,5,Brand 1,11,81.00,TVA,20,Inclusive,52.65,10,9782017061328,10,,Percentage,35,81.00, HACHETTE JEUN.,,, BLYTON ENID |  XXX,,,,,26/09/2018,,,,,JEUNESSE,uploads/items/21.jpg
LE CLUB DES CINQ JUNIOR - T04 - LE CLUB DES CINQ JUNIOR 04 - UNE COURSE INFERNALE,livres,,,PIECES,5,Brand 1,11,81.00,TVA,20,Inclusive,52.65,10,9782016271247,10,,Percentage,35,81.00, HACHETTE JEUN.,,, Claudia Malacrida  |  BLYTON ENID |  XXX,,,,,10/01/2018,,,,,JEUNESSE,uploads/items/22.jpg
LE CLUB DES CINQ - T28 - LES CINQ 28 NED - LES CINQ ET LE GALION D'OR,livres,,,PIECES,5,Brand 1,11,89.00,TVA,20,Inclusive,57.85,10,9782017203919,10,,Percentage,35,89.00, HACHETTE JEUN.,,, BLYTON ENID,,,,,07/12/2022,,,,,JEUNESSE,uploads/items/23.jpg
LE CLUB DES CINQ - T22 - LES CINQ 22 NED - LES CINQ SONT LES PLUS FORTS,livres,,,PIECES,5,Brand 1,11,89.00,TVA,20,Inclusive,57.85,10,9782017132134,10,,Percentage,35,89.00, HACHETTE JEUN.,,, BLYTON ENID |  VOILIER CLAUDE,,,,,25/08/2021,,,,,JEUNESSE,uploads/items/24.jpg
LE CLUB DES CINQ - T29 - LES CINQ NED 29 - LES CINQ ET LA STATUE INCA,livres,,,PIECES,5,Brand 1,11,89.00,TVA,20,Inclusive,57.85,10,9782017204039,10,,Percentage,35,89.00, HACHETTE JEUN.,,, VOILIER/AUREN,,,,,22/02/2023,,,,,JEUNESSE,uploads/items/25.jpg
LE CLUB DES CINQ JUNIOR - T01 - LE CLUB DES CINQ JUNIOR 01 - UN APRES-MIDI BIEN TRANQUILLE...,livres,,,PIECES,5,Brand 1,11,81.00,TVA,20,Inclusive,52.65,10,9782017020783,10,,Percentage,35,81.00, HACHETTE JEUN. |  BB ROSE VERTE,,, BLYTON-E |  BLYTON ENID |  XXX,,,,,22/03/2017,,,,,JEUNESSE,uploads/items/1.jpg
MES AMIS LES CHEVAUX - SOPHIE THALMANN - T41 - MES AMIS LES CHEVAUX 41 - UN HEROS AU BOUT DU ROULEAU,livres,,,PIECES,5,Brand 1,11,81.00,TVA,20,Inclusive,52.65,10,9782017180364,10,,Percentage,35,81.00, HACHETTE JEUN.,,, THALMANN SOPHIE,,,,,15/02/2023,,,,,JEUNESSE,uploads/items/2.jpg
DESTINS DE CHAMPIONS - T01 - DESTINS DE CHAMPIONS 01 - UNE BIOGRAPHIE DE KYLIAN MBAPPE,livres,,,PIECES,5,Brand 1,11,81.00,TVA,20,Inclusive,52.65,10,9782017204046,10,,Percentage,35,81.00, HACHETTE JEUN.,,, COLLOT/CAIOLI,,,,,01/03/2023,,,,,RELIGION,uploads/items/3.jpg
LOLIROCK - T37 - LOLIROCK 37 - LA MEILLEURE DES ENNEMIES,livres,,,PIECES,5,Brand 1,11,81.00,TVA,20,Inclusive,52.65,10,9782017214359,10,,Percentage,35,81.00, HACHETTE JEUN.,,, MARATHON MEDIA,,,,,22/02/2023,,,,,JEUNESSE,uploads/items/4.jpg
LES INCOLLABLES - MA PREMIERE ARDOISE - CHIFFRES,livres,,,PIECES,5,Brand 1,11,106.00,TVA,20,Inclusive,137.8,10,9782809682342,10,,Percentage,35,106.00, PLAY BAC,,, XXX |  PLAYBAC EDITIONS,,,,,08/02/2023,,,,,PARASCOLAIRE,uploads/items/5.jpg
LES INCOLLABLES - MA PREMIERE ARDOISE - MAJUSCULES,livres,,,PIECES,5,Brand 1,11,106.00,TVA,20,Inclusive,137.8,10,9782809682359,10,,Percentage,35,106.00, PLAY BAC,,, XXX,,,,,08/02/2023,,,,,PARASCOLAIRE,uploads/items/6.jpg
DR. STONE - TOME 03 - DEUX MILLIONS D'ANNEES EN LIEU SUR,livres,,,PIECES,5,Brand 1,11,96.00,TVA,20,Inclusive,67.2,10,9782344031711,10,,Percentage,30,96.00, GLENAT,,, INAGAKI RIICHIRO |  XXX |  INAGAKI/BOICHI,,,,,03/10/2018,,,,,"BANDES DESSINÉES, COMICS, MANGAS",uploads/items/7.jpg
DRAGON BALL - EDITION ORIGINALE - TOME 01 - SON GOKU ET SES AMIS,livres,,,PIECES,5,Brand 1,11,96.00,TVA,20,Inclusive,67.2,10,9782723434621,10,,Percentage,30,96.00, GLENAT,,, TORIYAMA-A |  TORIYAMA AKIRA |  XXX,,,,,15/02/2010,,,,,THÈME NON PRÉCISÉ,uploads/items/8.jpg
DRAGON BALL - EDITION ORIGINALE - TOME 02 - LES DRAGON BALLS SONT EN DANGER !,livres,,,PIECES,5,Brand 1,11,96.00,TVA,20,Inclusive,67.2,10,9782723434638,10,,Percentage,30,96.00, GLENAT,,, TORIYAMA-A |  TORIYAMA AKIRA |  XXX,,,,,15/02/2010,,,,,THÈME NON PRÉCISÉ,uploads/items/9.jpg
DRAGON BALL - EDITION ORIGINALE - TOME 05 - LA TERRIBLE MUSCLE TOWER,livres,,,PIECES,5,Brand 1,11,96.00,TVA,20,Inclusive,67.2,10,9782723434669,10,,Percentage,30,96.00, GLENAT,,, TORIYAMA-A |  TORIYAMA AKIRA |  XXX,,,,,15/02/2010,,,,,THÈME NON PRÉCISÉ,uploads/items/10.jpg
DRAGON BALL - EDITION ORIGINALE - TOME 06 - LA GROSSE ERREUR DE BULMA !!,livres,,,PIECES,5,Brand 1,11,96.00,TVA,20,Inclusive,67.2,10,9782723434676,10,,Percentage,30,96.00, GLENAT,,, TORIYAMA-A |  TORIYAMA AKIRA |  XXX,,,,,15/02/2010,,,,,THÈME NON PRÉCISÉ,uploads/items/11.jpg
DRAGON BALL - EDITION ORIGINALE - TOME 07 - VOUS ETES POURSUIVIS PAR LE COMMANDANT BLUE !!,livres,,,PIECES,5,Brand 1,11,96.00,TVA,20,Inclusive,67.2,10,9782723446877,10,,Percentage,30,96.00, GLENAT,,, TORIYAMA-A |  TORIYAMA AKIRA |  XXX,,,,,15/02/2010,,,,,THÈME NON PRÉCISÉ,uploads/items/12.jpg
DRAGON BALL - EDITION ORIGINALE - TOME 33 - LE DEBUT DU CELL GAME,livres,,,PIECES,5,Brand 1,11,96.00,TVA,20,Inclusive,67.2,10,9782723449304,10,,Percentage,30,96.00, GLENAT,,, TORIYAMA |  TORIYAMA AKIRA |  XXX,,,,,15/02/2010,,,,,THÈME NON PRÉCISÉ,uploads/items/13.jpg
DRAGON BALL - EDITION ORIGINALE - TOME 38 - LE DUEL FATIDIQUE SON GOKU CONTRE VEGETA,livres,,,PIECES,5,Brand 1,11,96.00,TVA,20,Inclusive,67.2,10,9782723449359,10,,Percentage,30,96.00, GLENAT,,, TORIYAMA |  TORIYAMA AKIRA |  XXX,,,,,24/05/2013,,,,,THÈME NON PRÉCISÉ,uploads/items/14.jpg
"DRAGON BALL - EDITION ORIGINALE - TOME 39 - ADIEU, GUERRIER A LA FIERTE INEGALEE",livres,,,PIECES,5,Brand 1,11,96.00,TVA,20,Inclusive,67.2,10,9782723449366,10,,Percentage,30,96.00, GLENAT,,, TORIYAMA |  TORIYAMA AKIRA |  XXX,,,,,24/05/2013,,,,,THÈME NON PRÉCISÉ,uploads/items/15.jpg
DRAGON BALL - EDITION ORIGINALE - TOME 40 - LA DERNIERE ARME SECRETE DE L'ARMEE TERRIENNE !!,livres,,,PIECES,5,Brand 1,11,96.00,TVA,20,Inclusive,67.2,10,9782723449373,10,,Percentage,30,96.00, GLENAT,,, TORIYAMA |  TORIYAMA AKIRA |  XXX,,,,,24/05/2013,,,,,THÈME NON PRÉCISÉ,uploads/items/16.jpg
"DRAGON BALL - EDITION ORIGINALE - TOME 41 - COURAGE, SUPER GOTENKS",livres,,,PIECES,5,Brand 1,11,96.00,TVA,20,Inclusive,134.4,10,9782723449380,10,,Percentage,30,96.00, GLENAT,,, TORIYAMA |  TORIYAMA AKIRA |  XXX,,,,,24/05/2013,,,,,THÈME NON PRÉCISÉ,uploads/items/17.jpg
DRAGON BALL - EDITION ORIGINALE - TOME 42 - BYE BYE DRAGON WORLD,livres,,,PIECES,5,Brand 1,11,96.00,TVA,20,Inclusive,67.2,10,9782723449397,10,,Percentage,30,96.00, GLENAT,,, TORIYAMA |  TORIYAMA AKIRA |  XXX,,,,,24/05/2013,,,,,THÈME NON PRÉCISÉ,uploads/items/18.jpg
DRAGON BALL SUPER - TOME 01,livres,,,PIECES,5,Brand 1,11,96.00,TVA,20,Inclusive,134.4,10,9782344019887,10,,Percentage,30,96.00, GLENAT,,, TORIYAMA+TOYOTARO |  TORIYAMA AKIRA |  XXX |  TORIYAMA/TOYOTARO,,,,,05/04/2017,,,,,"BANDES DESSINÉES, COMICS, MANGAS",uploads/items/19.jpg
DRAGON BALL SUPER - TOME 02,livres,,,PIECES,5,Brand 1,11,96.00,TVA,20,Inclusive,134.4,10,9782344023181,10,,Percentage,30,96.00, GLENAT,,, TORIYAMA+TOYOTARO |  TORIYAMA AKIRA |  XXX |  TORIYAMA/TOYOTARO,,,,,05/07/2017,,,,,"BANDES DESSINÉES, COMICS, MANGAS",uploads/items/20.jpg
DRAGON BALL SUPER - TOME 03,livres,,,PIECES,5,Brand 1,11,96.00,TVA,20,Inclusive,67.2,10,9782344027554,10,,Percentage,30,96.00, GLENAT,,, TORIYAMA AKIRA |  XXX |  TORIYAMA/TOYOTARO,,,,,24/01/2018,,,,,"BANDES DESSINÉES, COMICS, MANGAS",uploads/items/21.jpg
DRAGON BALL SUPER - TOME 04,livres,,,PIECES,5,Brand 1,11,96.00,TVA,20,Inclusive,67.2,10,9782344030035,10,,Percentage,30,96.00, GLENAT,,, TORIYAMA AKIRA |  XXX |  TORIYAMA/TOYOTARO,,,,,04/07/2018,,,,,"BANDES DESSINÉES, COMICS, MANGAS",uploads/items/22.jpg
DRAGON BALL SUPER - TOME 05,livres,,,PIECES,5,Brand 1,11,96.00,TVA,20,Inclusive,67.2,10,9782344031766,10,,Percentage,30,96.00, GLENAT,,, TORIYAMA AKIRA |  XXX |  TORIYAMA/TOYOTARO,,,,,14/11/2018,,,,,"BANDES DESSINÉES, COMICS, MANGAS",uploads/items/23.jpg
DRAGON BALL SUPER - TOME 06,livres,,,PIECES,5,Brand 1,11,96.00,TVA,20,Inclusive,67.2,10,9782344033623,10,,Percentage,30,96.00, GLENAT,,, TORIYAMA AKIRA |  TORIYAMA/TOYOTARO,,,,,06/02/2019,,,,,"BANDES DESSINÉES, COMICS, MANGAS",uploads/items/24.jpg
DRAGON BALL SUPER - TOME 07,livres,,,PIECES,5,Brand 1,11,96.00,TVA,20,Inclusive,67.2,10,9782344036327,10,,Percentage,30,96.00, GLENAT,,, TORIYAMA/TOYOTARO,,,,,02/05/2019,,,,,"BANDES DESSINÉES, COMICS, MANGAS",uploads/items/25.jpg
DRAGON BALL SUPER - TOME 09,livres,,,PIECES,5,Brand 1,11,96.00,TVA,20,Inclusive,67.2,10,9782344038826,10,,Percentage,30,96.00, GLENAT,,, TORIYAMA/TOYOTARO,,,,,20/11/2019,,,,,"BANDES DESSINÉES, COMICS, MANGAS",uploads/items/1.jpg
DRAGON BALL SUPER - TOME 10,livres,,,PIECES,5,Brand 1,11,96.00,TVA,20,Inclusive,67.2,10,9782344041291,10,,Percentage,30,96.00, GLENAT,,, TORIYAMA/TOYOTARO,,,,,05/02/2020,,,,,"BANDES DESSINÉES, COMICS, MANGAS",uploads/items/2.jpg
DRAGON BALL SUPER - TOME 11,livres,,,PIECES,5,Brand 1,11,96.00,TVA,20,Inclusive,67.2,10,9782344043264,10,,Percentage,30,96.00, GLENAT,,, TORIYAMA/TOYOTARO,,,,,01/07/2020,,,,,"BANDES DESSINÉES, COMICS, MANGAS",uploads/items/3.jpg
DRAGON BALL SUPER - TOME 12,livres,,,PIECES,5,Brand 1,11,96.00,TVA,20,Inclusive,67.2,10,9782344044438,10,,Percentage,30,96.00, GLENAT,,, TORIYAMA/TOYOTARO,,,,,04/11/2020,,,,,"BANDES DESSINÉES, COMICS, MANGAS",uploads/items/4.jpg
DRAGON BALL SUPER - TOME 13,livres,,,PIECES,5,Brand 1,11,96.00,TVA,20,Inclusive,67.2,10,9782344046432,10,,Percentage,30,96.00, GLENAT,,, TORIYAMA/TOYOTARO,,,,,03/02/2021,,,,,"BANDES DESSINÉES, COMICS, MANGAS",uploads/items/5.jpg
DRAGON BALL SUPER - TOME 14,livres,,,PIECES,5,Brand 1,11,96.00,TVA,20,Inclusive,67.2,10,9782344048627,10,,Percentage,30,96.00, GLENAT,,, TORIYAMA/TOYOTARO,,,,,07/07/2021,,,,,"BANDES DESSINÉES, COMICS, MANGAS",uploads/items/6.jpg
DRAGON BALL SUPER - TOME 15,livres,,,PIECES,5,Brand 1,11,96.00,TVA,20,Inclusive,67.2,10,9782344049006,10,,Percentage,30,96.00, GLENAT,,, TORIYAMA/TOYOTARO,,,,,10/11/2021,,,,,"BANDES DESSINÉES, COMICS, MANGAS",uploads/items/7.jpg
DRAGON BALL SUPER - TOME 16,livres,,,PIECES,5,Brand 1,11,96.00,TVA,20,Inclusive,67.2,10,9782344051962,10,,Percentage,30,96.00, GLENAT,,, TORIYAMA/TOYOTARO,,,,,02/03/2022,,,,,"BANDES DESSINÉES, COMICS, MANGAS",uploads/items/8.jpg
DRAGON BALL SUPER - TOME 17,livres,,,PIECES,5,Brand 1,11,96.00,TVA,20,Inclusive,67.2,10,9782344053706,10,,Percentage,30,96.00, GLENAT,,, TORIYAMA/TOYOTARO,,,,,06/07/2022,,,,,"BANDES DESSINÉES, COMICS, MANGAS",uploads/items/9.jpg
DRAGON BALL SUPER - TOME 18,livres,,,PIECES,5,Brand 1,11,96.00,TVA,20,Inclusive,67.2,10,9782344055663,10,,Percentage,30,96.00, GLENAT,,, TORIYAMA/TOYOTARO,,,,,02/11/2022,,,,,"BANDES DESSINÉES, COMICS, MANGAS",uploads/items/10.jpg
DRAGON BALL Z - 1RE PARTIE - TOME 01 - LES SAIYENS,livres,,,PIECES,5,Brand 1,11,108.00,TVA,20,Inclusive,75.6,10,9782723457897,10,,Percentage,30,108.00, GLENAT,,, TORIYAMA |  TORIYAMA AKIRA |  XXX,,,,,16/04/2008,,,,,THÈME NON PRÉCISÉ,uploads/items/11.jpg
DRAGON BALL Z - T06 - DRAGON BALL Z - 2E PARTIE - TOME 01 - LE SUPER SAIYEN/LE COMMANDO GINYU,livres,,,PIECES,5,Brand 1,11,108.00,TVA,20,Inclusive,75.6,10,9782723467964,10,,Percentage,30,108.00, GLENAT,,, TORIYAMA |  TORIYAMA AKIRA |  XXX,,,,,07/01/2009,,,,,THÈME NON PRÉCISÉ,uploads/items/12.jpg
ONE PIECE - EDITION ORIGINALE - TOME 01 - A L'AUBE D'UNE GRANDE AVENTURE,livres,,,PIECES,5,Brand 1,11,96.00,TVA,20,Inclusive,134.4,10,9782723488525,10,,Percentage,30,96.00, GLENAT,,, ODA |  ODA EIICHIRO |  XXX,,,,,03/07/2013,,,,,"BANDES DESSINÉES, COMICS, MANGAS",uploads/items/13.jpg
ONE PIECE - EDITION ORIGINALE - TOME 02 - LUFFY VERSUS LA BANDE A BAGGY !!,livres,,,PIECES,5,Brand 1,11,96.00,TVA,20,Inclusive,134.4,10,9782723489898,10,,Percentage,30,96.00, GLENAT,,, ODA |  ODA EIICHIRO |  XXX,,,,,03/07/2013,,,,,THÈME NON PRÉCISÉ,uploads/items/14.jpg
ONE PIECE - EDITION ORIGINALE - TOME 03 - UNE VERITE QUI BLESSE,livres,,,PIECES,5,Brand 1,11,96.00,TVA,20,Inclusive,134.4,10,9782723489904,10,,Percentage,30,96.00, GLENAT,,, ODA |  ODA EIICHIRO |  XXX,,,,,03/07/2013,,,,,THÈME NON PRÉCISÉ,uploads/items/15.jpg
ONE PIECE - EDITION ORIGINALE - TOME 04 - ATTAQUE AU CLAIR DE LUNE,livres,,,PIECES,5,Brand 1,11,96.00,TVA,20,Inclusive,134.4,10,9782723489911,10,,Percentage,30,96.00, GLENAT,,, ODA |  ODA EIICHIRO |  XXX,,,,,03/07/2013,,,,,THÈME NON PRÉCISÉ,uploads/items/16.jpg
ONE PIECE - EDITION ORIGINALE - TOME 05 - POUR QUI SONNE LE GLAS,livres,,,PIECES,5,Brand 1,11,96.00,TVA,20,Inclusive,134.4,10,9782723489928,10,,Percentage,30,96.00, GLENAT,,, ODA |  ODA EIICHIRO |  XXX,,,,,03/07/2013,,,,,THÈME NON PRÉCISÉ,uploads/items/17.jpg
ONE PIECE - EDITION ORIGINALE - TOME 06 - LE SERMENT,livres,,,PIECES,5,Brand 1,11,96.00,TVA,20,Inclusive,134.4,10,9782723489935,10,,Percentage,30,96.00, GLENAT,,, ODA |  ODA EIICHIRO |  XXX,,,,,03/07/2013,,,,,THÈME NON PRÉCISÉ,uploads/items/18.jpg
ONE PIECE - EDITION ORIGINALE - TOME 07 - VIEUX MACHIN,livres,,,PIECES,5,Brand 1,11,96.00,TVA,20,Inclusive,134.4,10,9782723489942,10,,Percentage,30,96.00, GLENAT,,, ODA |  ODA EIICHIRO |  XXX,,,,,03/07/2013,,,,,THÈME NON PRÉCISÉ,uploads/items/19.jpg
ONE PIECE - EDITION ORIGINALE - TOME 08 - JE NE MOURRAI PAS !,livres,,,PIECES,5,Brand 1,11,96.00,TVA,20,Inclusive,134.4,10,9782723489959,10,,Percentage,30,96.00, GLENAT,,, ODA |  ODA EIICHIRO |  XXX,,,,,03/07/2013,,,,,THÈME NON PRÉCISÉ,uploads/items/20.jpg
ONE PIECE - EDITION ORIGINALE - TOME 09 - LARMES,livres,,,PIECES,5,Brand 1,11,96.00,TVA,20,Inclusive,134.4,10,9782723492539,10,,Percentage,30,96.00, GLENAT,,, ODA |  ODA EIICHIRO |  XXX,,,,,03/07/2013,,,,,THÈME NON PRÉCISÉ,uploads/items/21.jpg
"ONE PIECE - EDITION ORIGINALE - TOME 10 - OK, LET'S STAND UP !",livres,,,PIECES,5,Brand 1,11,96.00,TVA,20,Inclusive,134.4,10,9782723492553,10,,Percentage,30,96.00, GLENAT,,, ODA |  ODA EIICHIRO |  XXX,,,,,03/07/2013,,,,,THÈME NON PRÉCISÉ,uploads/items/22.jpg
ONE PIECE - EDITION ORIGINALE - TOME 100,livres,,,PIECES,5,Brand 1,11,96.00,TVA,20,Inclusive,134.4,10,9782344049020,10,,Percentage,30,96.00, GLENAT,,, ODA EIICHIRO,,,,,08/12/2021,,,,,"BANDES DESSINÉES, COMICS, MANGAS",uploads/items/23.jpg
ONE PIECE - EDITION ORIGINALE - TOME 101,livres,,,PIECES,5,Brand 1,11,96.00,TVA,20,Inclusive,134.4,10,9782344052143,10,,Percentage,30,96.00, GLENAT,,, ODA EIICHIRO,,,,,04/05/2022,,,,,"BANDES DESSINÉES, COMICS, MANGAS",uploads/items/24.jpg
ONE PIECE - EDITION ORIGINALE - TOME 102,livres,,,PIECES,5,Brand 1,11,96.00,TVA,20,Inclusive,134.4,10,9782344052150,10,,Percentage,30,96.00, GLENAT,,, ODA EIICHIRO,,,,,14/09/2022,,,,,"BANDES DESSINÉES, COMICS, MANGAS",uploads/items/25.jpg
ONE PIECE - EDITION ORIGINALE - TOME 103,livres,,,PIECES,5,Brand 1,11,96.00,TVA,20,Inclusive,134.4,10,9782344052167,10,,Percentage,30,96.00, GLENAT,,, ODA EIICHIRO,,,,,07/12/2022,,,,,"BANDES DESSINÉES, COMICS, MANGAS",uploads/items/1.jpg
ONE PIECE - EDITION ORIGINALE - TOME 11 - LE PLUS GRAND BANDIT D'EAST BLUE,livres,,,PIECES,5,Brand 1,11,96.00,TVA,20,Inclusive,134.4,10,9782723492560,10,,Percentage,30,96.00, GLENAT,,, ODA |  ODA EIICHIRO |  XXX,,,,,03/07/2013,,,,,THÈME NON PRÉCISÉ,uploads/items/2.jpg
ONE PIECE - EDITION ORIGINALE - TOME 12 - ET AINSI DEBUTA LA LEGENDE,livres,,,PIECES,5,Brand 1,11,96.00,TVA,20,Inclusive,134.4,10,9782723492577,10,,Percentage,30,96.00, GLENAT,,, ODA |  ODA EIICHIRO |  XXX,,,,,03/07/2013,,,,,THÈME NON PRÉCISÉ,uploads/items/3.jpg
ONE PIECE - EDITION ORIGINALE - TOME 13 - TIENS BON !!,livres,,,PIECES,5,Brand 1,11,96.00,TVA,20,Inclusive,134.4,10,9782723492584,10,,Percentage,30,96.00, GLENAT,,, ODA |  ODA EIICHIRO |  XXX,,,,,03/07/2013,,,,,THÈME NON PRÉCISÉ,uploads/items/4.jpg
ONE PIECE - EDITION ORIGINALE - TOME 14 - INSTINCT,livres,,,PIECES,5,Brand 1,11,96.00,TVA,20,Inclusive,134.4,10,9782723492591,10,,Percentage,30,96.00, GLENAT,,, ODA |  ODA EIICHIRO |  XXX,,,,,03/07/2013,,,,,THÈME NON PRÉCISÉ,uploads/items/5.jpg
ONE PIECE - EDITION ORIGINALE - TOME 15 - DROIT DEVANT !!,livres,,,PIECES,5,Brand 1,11,96.00,TVA,20,Inclusive,67.2,10,9782723492607,10,,Percentage,30,96.00, GLENAT,,, ODA |  ODA EIICHIRO |  XXX,,,,,03/07/2013,,,,,THÈME NON PRÉCISÉ,uploads/items/6.jpg
ONE PIECE - EDITION ORIGINALE - TOME 16 - SUCCESSEURS,livres,,,PIECES,5,Brand 1,11,96.00,TVA,20,Inclusive,134.4,10,9782723494724,10,,Percentage,30,96.00, GLENAT,,, ODA |  ODA EIICHIRO |  XXX,,,,,03/07/2013,,,,,THÈME NON PRÉCISÉ,uploads/items/7.jpg
ONE PIECE - EDITION ORIGINALE - TOME 17 - LES CERISIERS D'HILULUK,livres,,,PIECES,5,Brand 1,11,96.00,TVA,20,Inclusive,134.4,10,9782723494731,10,,Percentage,30,96.00, GLENAT,,, ODA |  ODA EIICHIRO |  XXX,,,,,03/07/2013,,,,,THÈME NON PRÉCISÉ,uploads/items/8.jpg
ONE PIECE - EDITION ORIGINALE - TOME 19 - REBELLION,livres,,,PIECES,5,Brand 1,11,96.00,TVA,20,Inclusive,134.4,10,9782723494755,10,,Percentage,30,96.00, GLENAT,,, ODA |  ODA EIICHIRO |  XXX,,,,,03/07/2013,,,,,THÈME NON PRÉCISÉ,uploads/items/9.jpg
ONE PIECE - EDITION ORIGINALE - TOME 20 - BATAILLE DECISIVE A ALUBARNA,livres,,,PIECES,5,Brand 1,11,96.00,TVA,20,Inclusive,134.4,10,9782723494762,10,,Percentage,30,96.00, GLENAT,,, ODA |  ODA EIICHIRO |  XXX,,,,,03/07/2013,,,,,THÈME NON PRÉCISÉ,uploads/items/10.jpg
ONE PIECE - EDITION ORIGINALE - TOME 21 - UTOPIA,livres,,,PIECES,5,Brand 1,11,96.00,TVA,20,Inclusive,134.4,10,9782723494779,10,,Percentage,30,96.00, GLENAT,,, ODA |  ODA EIICHIRO |  XXX,,,,,03/01/2014,,,,,THÈME NON PRÉCISÉ,uploads/items/11.jpg
ONE PIECE - EDITION ORIGINALE - TOME 22 - HOPE !,livres,,,PIECES,5,Brand 1,11,96.00,TVA,20,Inclusive,134.4,10,9782723494786,10,,Percentage,30,96.00, GLENAT,,, ODA |  ODA EIICHIRO |  XXX,,,,,03/01/2014,,,,,THÈME NON PRÉCISÉ,uploads/items/12.jpg
ONE PIECE - EDITION ORIGINALE - TOME 23 - L'AVENTURE DE VIVI,livres,,,PIECES,5,Brand 1,11,96.00,TVA,20,Inclusive,134.4,10,9782723494793,10,,Percentage,30,96.00, GLENAT,,, ODA |  ODA EIICHIRO |  XXX,,,,,03/01/2014,,,,,THÈME NON PRÉCISÉ,uploads/items/13.jpg
ONE PIECE - EDITION ORIGINALE - TOME 25 - L'HOMME QUI VALAIT 100 MILLIONS,livres,,,PIECES,5,Brand 1,11,96.00,TVA,20,Inclusive,134.4,10,9782723494816,10,,Percentage,30,96.00, GLENAT,,, ODA |  ODA EIICHIRO |  XXX,,,,,03/01/2014,,,,,THÈME NON PRÉCISÉ,uploads/items/14.jpg
ONE PIECE - EDITION ORIGINALE - TOME 26 - AVENTURE SUR L'ILE DE DIEU,livres,,,PIECES,5,Brand 1,11,96.00,TVA,20,Inclusive,134.4,10,9782723494823,10,,Percentage,30,96.00, GLENAT,,, ODA |  ODA EIICHIRO |  XXX,,,,,03/01/2014,,,,,THÈME NON PRÉCISÉ,uploads/items/15.jpg
ONE PIECE - EDITION ORIGINALE - TOME 28 - WIPER LE DEMON FURIEUX,livres,,,PIECES,5,Brand 1,11,96.00,TVA,20,Inclusive,134.4,10,9782723494847,10,,Percentage,30,96.00, GLENAT,,, ODA |  ODA EIICHIRO |  XXX,,,,,03/01/2014,,,,,THÈME NON PRÉCISÉ,uploads/items/16.jpg
ONE PIECE - EDITION ORIGINALE - TOME 30 - CAPRICCIO,livres,,,PIECES,5,Brand 1,11,96.00,TVA,20,Inclusive,134.4,10,9782723494861,10,,Percentage,30,96.00, GLENAT,,, ODA |  ODA EIICHIRO |  XXX,,,,,03/01/2014,,,,,THÈME NON PRÉCISÉ,uploads/items/17.jpg
ONE PIECE - EDITION ORIGINALE - TOME 31 - NOUS SOMMES LA,livres,,,PIECES,5,Brand 1,11,96.00,TVA,20,Inclusive,134.4,10,9782723498593,10,,Percentage,30,96.00, GLENAT,,, ODA |  ODA EIICHIRO |  XXX,,,,,03/01/2014,,,,,THÈME NON PRÉCISÉ,uploads/items/18.jpg
ONE PIECE - EDITION ORIGINALE - TOME 32 - LOVE SONG,livres,,,PIECES,5,Brand 1,11,96.00,TVA,20,Inclusive,134.4,10,9782723498609,10,,Percentage,30,96.00, GLENAT,,, ODA |  ODA EIICHIRO |  XXX,,,,,03/01/2014,,,,,THÈME NON PRÉCISÉ,uploads/items/19.jpg
ONE PIECE - EDITION ORIGINALE - TOME 33 - DAVY BACK FIGHT !!,livres,,,PIECES,5,Brand 1,11,96.00,TVA,20,Inclusive,134.4,10,9782723498616,10,,Percentage,30,96.00, GLENAT,,, ODA |  ODA EIICHIRO |  XXX,,,,,03/01/2014,,,,,THÈME NON PRÉCISÉ,uploads/items/20.jpg
ONE PIECE - EDITION ORIGINALE - TOME 36 - JUSTICE N 9,livres,,,PIECES,5,Brand 1,11,96.00,TVA,20,Inclusive,134.4,10,9782723498647,10,,Percentage,30,96.00, GLENAT,,, ODA |  ODA EIICHIRO |  XXX,,,,,08/01/2014,,,,,THÈME NON PRÉCISÉ,uploads/items/21.jpg
ONE PIECE - EDITION ORIGINALE - TOME 37 - MONSIEUR TOM,livres,,,PIECES,5,Brand 1,11,96.00,TVA,20,Inclusive,134.4,10,9782723498654,10,,Percentage,30,96.00, GLENAT,,, ODA |  ODA EIICHIRO |  XXX,,,,,08/01/2014,,,,,THÈME NON PRÉCISÉ,uploads/items/22.jpg
ONE PIECE - EDITION ORIGINALE - TOME 38 - ROCKETMAN !,livres,,,PIECES,5,Brand 1,11,96.00,TVA,20,Inclusive,134.4,10,9782723498661,10,,Percentage,30,96.00, GLENAT,,, ODA |  ODA EIICHIRO |  XXX,,,,,08/01/2014,,,,,THÈME NON PRÉCISÉ,uploads/items/23.jpg
ONE PIECE - EDITION ORIGINALE - TOME 39 - OPERATION SAUVETAGE,livres,,,PIECES,5,Brand 1,11,96.00,TVA,20,Inclusive,67.2,10,9782723498678,10,,Percentage,30,96.00, GLENAT,,, ODA |  ODA EIICHIRO |  XXX,,,,,08/01/2014,,,,,THÈME NON PRÉCISÉ,uploads/items/24.jpg
ONE PIECE - EDITION ORIGINALE - TOME 40 - GEAR,livres,,,PIECES,5,Brand 1,11,96.00,TVA,20,Inclusive,134.4,10,9782723498685,10,,Percentage,30,96.00, GLENAT,,, ODA |  ODA EIICHIRO |  XXX,,,,,08/01/2014,,,,,THÈME NON PRÉCISÉ,uploads/items/25.jpg
ONE PIECE - EDITION ORIGINALE - TOME 41 - DECLARATION DE GUERRE,livres,,,PIECES,5,Brand 1,11,96.00,TVA,20,Inclusive,134.4,10,9782344001851,10,,Percentage,30,96.00, GLENAT,,, ODA |  ODA EIICHIRO |  XXX,,,,,02/07/2014,,,,,"BANDES DESSINÉES, COMICS, MANGAS",uploads/items/1.jpg
ONE PIECE - EDITION ORIGINALE - TOME 42 - LES PIRATES CONTRE LE CP9,livres,,,PIECES,5,Brand 1,11,96.00,TVA,20,Inclusive,67.2,10,9782344001868,10,,Percentage,30,96.00, GLENAT,,, ODA |  ODA EIICHIRO |  XXX,,,,,02/07/2014,,,,,"BANDES DESSINÉES, COMICS, MANGAS",uploads/items/2.jpg
ONE PIECE - EDITION ORIGINALE - TOME 43 - LA LEGENDE DU HEROS,livres,,,PIECES,5,Brand 1,11,96.00,TVA,20,Inclusive,134.4,10,9782344001875,10,,Percentage,30,96.00, GLENAT,,, ODA |  ODA EIICHIRO |  XXX,,,,,02/07/2014,,,,,"BANDES DESSINÉES, COMICS, MANGAS",uploads/items/3.jpg
ONE PIECE - EDITION ORIGINALE - TOME 44 - RENTRONS,livres,,,PIECES,5,Brand 1,11,96.00,TVA,20,Inclusive,134.4,10,9782344001882,10,,Percentage,30,96.00, GLENAT,,, ODA |  ODA EIICHIRO |  XXX,,,,,02/07/2014,,,,,"BANDES DESSINÉES, COMICS, MANGAS",uploads/items/4.jpg
ONE PIECE - EDITION ORIGINALE - TOME 45 - JE COMPRENDS CE QUE VOUS RESSENTEZ,livres,,,PIECES,5,Brand 1,11,96.00,TVA,20,Inclusive,67.2,10,9782344001899,10,,Percentage,30,96.00, GLENAT,,, ODA |  ODA EIICHIRO |  XXX,,,,,02/07/2014,,,,,"BANDES DESSINÉES, COMICS, MANGAS",uploads/items/5.jpg
ONE PIECE - EDITION ORIGINALE - TOME 46 - AVENTURE SUR L'ILE FANTOME,livres,,,PIECES,5,Brand 1,11,96.00,TVA,20,Inclusive,67.2,10,9782344001905,10,,Percentage,30,96.00, GLENAT,,, ODA |  ODA EIICHIRO |  XXX,,,,,02/07/2014,,,,,"BANDES DESSINÉES, COMICS, MANGAS",uploads/items/6.jpg
ONE PIECE - EDITION ORIGINALE - TOME 47 - TEMPS COUVERT AVEC CHUTES D'OS PAR MOMENTS,livres,,,PIECES,5,Brand 1,11,96.00,TVA,20,Inclusive,67.2,10,9782344001912,10,,Percentage,30,96.00, GLENAT,,, ODA |  ODA EIICHIRO |  XXX,,,,,02/07/2014,,,,,"BANDES DESSINÉES, COMICS, MANGAS",uploads/items/7.jpg
ONE PIECE - EDITION ORIGINALE - TOME 48 - L'AVENTURE D'OZ,livres,,,PIECES,5,Brand 1,11,96.00,TVA,20,Inclusive,67.2,10,9782344001929,10,,Percentage,30,96.00, GLENAT,,, ODA |  ODA EIICHIRO |  XXX,,,,,02/07/2014,,,,,"BANDES DESSINÉES, COMICS, MANGAS",uploads/items/8.jpg
ONE PIECE - EDITION ORIGINALE - TOME 49 - NIGHTMARE LUFFY,livres,,,PIECES,5,Brand 1,11,96.00,TVA,20,Inclusive,134.4,10,9782344001936,10,,Percentage,30,96.00, GLENAT,,, ODA |  ODA EIICHIRO |  XXX,,,,,02/07/2014,,,,,"BANDES DESSINÉES, COMICS, MANGAS",uploads/items/9.jpg
ONE PIECE - EDITION ORIGINALE - TOME 50 - DE NOUVEAU FACE AU MUR,livres,,,PIECES,5,Brand 1,11,96.00,TVA,20,Inclusive,134.4,10,9782344001943,10,,Percentage,30,96.00, GLENAT,,, ODA |  ODA EIICHIRO |  XXX,,,,,02/07/2014,,,,,"BANDES DESSINÉES, COMICS, MANGAS",uploads/items/10.jpg
ONE PIECE - EDITION ORIGINALE - TOME 51 - LES ONZE SUPERNOVAE,livres,,,PIECES,5,Brand 1,11,96.00,TVA,20,Inclusive,134.4,10,9782344001950,10,,Percentage,30,96.00, GLENAT,,, ODA |  ODA EIICHIRO |  XXX,,,,,27/08/2014,,,,,"BANDES DESSINÉES, COMICS, MANGAS",uploads/items/11.jpg
ONE PIECE - EDITION ORIGINALE - TOME 52 - ROGER & RAYLEIGH,livres,,,PIECES,5,Brand 1,11,96.00,TVA,20,Inclusive,134.4,10,9782344001967,10,,Percentage,30,96.00, GLENAT,,, ODA |  ODA EIICHIRO |  XXX,,,,,27/08/2014,,,,,"BANDES DESSINÉES, COMICS, MANGAS",uploads/items/12.jpg
ONE PIECE - EDITION ORIGINALE - TOME 53 - LE TEMPERAMENT D'UN ROI,livres,,,PIECES,5,Brand 1,11,96.00,TVA,20,Inclusive,67.2,10,9782344001974,10,,Percentage,30,96.00, GLENAT,,, ODA |  ODA EIICHIRO |  XXX,,,,,27/08/2014,,,,,"BANDES DESSINÉES, COMICS, MANGAS",uploads/items/13.jpg
ONE PIECE - EDITION ORIGINALE - TOME 55 - DES TRAVS EN ENFER,livres,,,PIECES,5,Brand 1,11,96.00,TVA,20,Inclusive,67.2,10,9782344001998,10,,Percentage,30,96.00, GLENAT,,, ODA |  ODA EIICHIRO |  XXX,,,,,27/08/2014,,,,,"BANDES DESSINÉES, COMICS, MANGAS",uploads/items/14.jpg
ONE PIECE - EDITION ORIGINALE - TOME 56 - MERCI POUR TOUT,livres,,,PIECES,5,Brand 1,11,96.00,TVA,20,Inclusive,67.2,10,9782344002001,10,,Percentage,30,96.00, GLENAT,,, ODA |  ODA EIICHIRO |  XXX,,,,,19/11/2014,,,,,"BANDES DESSINÉES, COMICS, MANGAS",uploads/items/15.jpg
ONE PIECE - EDITION ORIGINALE - TOME 57 - LA GUERRE AU SOMMET,livres,,,PIECES,5,Brand 1,11,96.00,TVA,20,Inclusive,134.4,10,9782344002018,10,,Percentage,30,96.00, GLENAT,,, ODA |  ODA EIICHIRO |  XXX,,,,,19/11/2014,,,,,"BANDES DESSINÉES, COMICS, MANGAS",uploads/items/16.jpg
ONE PIECE - EDITION ORIGINALE - TOME 58 - L'ERE DE BARBE BLANCHE,livres,,,PIECES,5,Brand 1,11,96.00,TVA,20,Inclusive,134.4,10,9782344002025,10,,Percentage,30,96.00, GLENAT,,, ODA |  ODA EIICHIRO |  XXX,,,,,19/11/2014,,,,,"BANDES DESSINÉES, COMICS, MANGAS",uploads/items/17.jpg
ONE PIECE - EDITION ORIGINALE - TOME 59 - LA MORT DE PORTGAS D. ACE,livres,,,PIECES,5,Brand 1,11,96.00,TVA,20,Inclusive,134.4,10,9782344002032,10,,Percentage,30,96.00, GLENAT,,, ODA |  ODA EIICHIRO |  XXX,,,,,19/11/2014,,,,,"BANDES DESSINÉES, COMICS, MANGAS",uploads/items/18.jpg
ONE PIECE - EDITION ORIGINALE - TOME 60 - PETIT FRERE,livres,,,PIECES,5,Brand 1,11,96.00,TVA,20,Inclusive,134.4,10,9782344002049,10,,Percentage,30,96.00, GLENAT,,, ODA |  ODA EIICHIRO |  XXX,,,,,19/11/2014,,,,,"BANDES DESSINÉES, COMICS, MANGAS",uploads/items/19.jpg
ONE PIECE - EDITION ORIGINALE - TOME 62 - PERIPLE SUR L'ILE DES HOMMES-POISSONS,livres,,,PIECES,5,Brand 1,11,96.00,TVA,20,Inclusive,67.2,10,9782723487689,10,,Percentage,30,96.00, GLENAT,,, ODA |  ODA EIICHIRO |  XXX,,,,,23/05/2012,,,,,THÈME NON PRÉCISÉ,uploads/items/20.jpg
ONE PIECE - EDITION ORIGINALE - TOME 64 - 100000 VS 10,livres,,,PIECES,5,Brand 1,11,96.00,TVA,20,Inclusive,67.2,10,9782723487702,10,,Percentage,30,96.00, GLENAT,,, ODA |  ODA EIICHIRO |  XXX,,,,,03/10/2012,,,,,THÈME NON PRÉCISÉ,uploads/items/21.jpg
ONE PIECE - EDITION ORIGINALE - TOME 65 - TABLE RASE,livres,,,PIECES,5,Brand 1,11,96.00,TVA,20,Inclusive,134.4,10,9782723493062,10,,Percentage,30,96.00, GLENAT,,, ODA |  ODA EIICHIRO |  XXX,,,,,03/01/2013,,,,,THÈME NON PRÉCISÉ,uploads/items/22.jpg
ONE PIECE - EDITION ORIGINALE - TOME 66 - VERS LE SOLEIL,livres,,,PIECES,5,Brand 1,11,96.00,TVA,20,Inclusive,67.2,10,9782723493260,10,,Percentage,30,96.00, GLENAT,,, ODA |  ODA EIICHIRO |  XXX,,,,,03/04/2013,,,,,THÈME NON PRÉCISÉ,uploads/items/23.jpg
ONE PIECE - EDITION ORIGINALE - TOME 67 - COOL FIGHT,livres,,,PIECES,5,Brand 1,11,96.00,TVA,20,Inclusive,67.2,10,9782723495738,10,,Percentage,30,96.00, GLENAT,,, ODA |  ODA EIICHIRO |  XXX,,,,,03/07/2013,,,,,THÈME NON PRÉCISÉ,uploads/items/24.jpg
ONE PIECE - EDITION ORIGINALE - TOME 68 - ALLIANCE ENTRE PIRATES,livres,,,PIECES,5,Brand 1,11,96.00,TVA,20,Inclusive,134.4,10,9782723496766,10,,Percentage,30,96.00, GLENAT,,, ODA |  ODA EIICHIRO |  XXX,,,,,09/10/2013,,,,,THÈME NON PRÉCISÉ,uploads/items/25.jpg
ONE PIECE - EDITION ORIGINALE - TOME 69 - SAD,livres,,,PIECES,5,Brand 1,11,96.00,TVA,20,Inclusive,134.4,10,9782723498234,10,,Percentage,30,96.00, GLENAT,,, ODA |  ODA EIICHIRO |  XXX,,,,,03/01/2014,,,,,THÈME NON PRÉCISÉ,uploads/items/1.jpg
ONE PIECE - EDITION ORIGINALE - TOME 70 - DOFLAMINGO SORT DE L'OMBRE,livres,,,PIECES,5,Brand 1,11,96.00,TVA,20,Inclusive,67.2,10,9782723499330,10,,Percentage,30,96.00, GLENAT,,, ODA |  ODA EIICHIRO |  XXX,,,,,02/04/2014,,,,,"BANDES DESSINÉES, COMICS, MANGAS",uploads/items/2.jpg
ONE PIECE - EDITION ORIGINALE - TOME 71 - LE COLISEE DE TOUS LES DANGERS,livres,,,PIECES,5,Brand 1,11,96.00,TVA,20,Inclusive,67.2,10,9782723499347,10,,Percentage,30,96.00, GLENAT,,, ODA |  ODA EIICHIRO |  XXX,,,,,02/07/2014,,,,,"BANDES DESSINÉES, COMICS, MANGAS",uploads/items/3.jpg
ONE PIECE - EDITION ORIGINALE - TOME 72 - LES OUBLIES DE DRESSROSA,livres,,,PIECES,5,Brand 1,11,96.00,TVA,20,Inclusive,67.2,10,9782344004319,10,,Percentage,30,96.00, GLENAT,,, ODA |  ODA EIICHIRO |  XXX,,,,,01/10/2014,,,,,"BANDES DESSINÉES, COMICS, MANGAS",uploads/items/4.jpg
ONE PIECE - EDITION ORIGINALE - TOME 73 - L'OPERATION DRESSROSA S.O.P.,livres,,,PIECES,5,Brand 1,11,96.00,TVA,20,Inclusive,67.2,10,9782344006450,10,,Percentage,30,96.00, GLENAT,,, ODA |  ODA EIICHIRO |  XXX,,,,,07/01/2015,,,,,"BANDES DESSINÉES, COMICS, MANGAS",uploads/items/5.jpg
ONE PIECE - EDITION ORIGINALE - TOME 74 - JE SERAI TOUJOURS A TES COTES,livres,,,PIECES,5,Brand 1,11,96.00,TVA,20,Inclusive,67.2,10,9782344006597,10,,Percentage,30,96.00, GLENAT,,, ODA |  ODA EIICHIRO |  XXX,,,,,01/04/2015,,,,,"BANDES DESSINÉES, COMICS, MANGAS",uploads/items/6.jpg
ONE PIECE - EDITION ORIGINALE - TOME 75 - MA GRATITUDE,livres,,,PIECES,5,Brand 1,11,96.00,TVA,20,Inclusive,67.2,10,9782344008393,10,,Percentage,30,96.00, GLENAT,,, ODA |  ODA EIICHIRO |  XXX,,,,,01/07/2015,,,,,"BANDES DESSINÉES, COMICS, MANGAS",uploads/items/7.jpg
ONE PIECE - EDITION ORIGINALE - TOME 76 - POURSUIS TA ROUTE !,livres,,,PIECES,5,Brand 1,11,96.00,TVA,20,Inclusive,134.4,10,9782344008423,10,,Percentage,30,96.00, GLENAT,,, ODA |  ODA EIICHIRO |  XXX,,,,,02/09/2015,,,,,"BANDES DESSINÉES, COMICS, MANGAS",uploads/items/8.jpg
ONE PIECE - EDITION ORIGINALE - TOME 77 - SMILE,livres,,,PIECES,5,Brand 1,11,96.00,TVA,20,Inclusive,134.4,10,9782344008430,10,,Percentage,30,96.00, GLENAT,,, ODA |  ODA EIICHIRO |  XXX,,,,,18/11/2015,,,,,"BANDES DESSINÉES, COMICS, MANGAS",uploads/items/9.jpg
ONE PIECE - EDITION ORIGINALE - TOME 78 - L'ICONE DU MAL,livres,,,PIECES,5,Brand 1,11,96.00,TVA,20,Inclusive,134.4,10,9782344013229,10,,Percentage,30,96.00, GLENAT,,, ODA |  ODA EIICHIRO |  XXX,,,,,02/03/2016,,,,,"BANDES DESSINÉES, COMICS, MANGAS",uploads/items/10.jpg
ONE PIECE - EDITION ORIGINALE - TOME 79 - LUCY !!,livres,,,PIECES,5,Brand 1,11,96.00,TVA,20,Inclusive,134.4,10,9782344016374,10,,Percentage,30,96.00, GLENAT,,, ODA |  ODA EIICHIRO |  XXX,,,,,06/07/2016,,,,,"BANDES DESSINÉES, COMICS, MANGAS",uploads/items/11.jpg
ONE PIECE - EDITION ORIGINALE - TOME 80 - VERS UNE BATAILLE SANS PRECEDENT,livres,,,PIECES,5,Brand 1,11,96.00,TVA,20,Inclusive,134.4,10,9782344017470,10,,Percentage,30,96.00, GLENAT,,, ODA |  ODA EIICHIRO |  XXX,,,,,05/10/2016,,,,,"BANDES DESSINÉES, COMICS, MANGAS",uploads/items/12.jpg
ONE PIECE - EDITION ORIGINALE - TOME 81 - A LA RENCONTRE DE MAITRE CHAVIPERE,livres,,,PIECES,5,Brand 1,11,96.00,TVA,20,Inclusive,134.4,10,9782344018286,10,,Percentage,30,96.00, GLENAT,,, ODA |  ODA EIICHIRO |  XXX,,,,,04/01/2017,,,,,"BANDES DESSINÉES, COMICS, MANGAS",uploads/items/13.jpg
ONE PIECE - EDITION ORIGINALE - TOME 82 - UN MONDE EN PLEINE AGITATION,livres,,,PIECES,5,Brand 1,11,96.00,TVA,20,Inclusive,134.4,10,9782344020432,10,,Percentage,30,96.00, GLENAT,,, ODA |  ODA EIICHIRO |  XXX,,,,,19/04/2017,,,,,"BANDES DESSINÉES, COMICS, MANGAS",uploads/items/14.jpg
ONE PIECE - EDITION ORIGINALE - TOME 83 - CHARLOTTE LINLIN,livres,,,PIECES,5,Brand 1,11,96.00,TVA,20,Inclusive,134.4,10,9782344023211,10,,Percentage,30,96.00, GLENAT,,, ODA |  ODA EIICHIRO |  XXX,,,,,05/07/2017,,,,,"BANDES DESSINÉES, COMICS, MANGAS",uploads/items/15.jpg
ONE PIECE - EDITION ORIGINALE - TOME 84 - LUFFY VERSUS SANJI,livres,,,PIECES,5,Brand 1,11,96.00,TVA,20,Inclusive,134.4,10,9782344025314,10,,Percentage,30,96.00, GLENAT,,, ODA |  ODA EIICHIRO |  XXX,,,,,04/10/2017,,,,,"BANDES DESSINÉES, COMICS, MANGAS",uploads/items/16.jpg
ONE PIECE - EDITION ORIGINALE - TOME 85 - MENTEUR,livres,,,PIECES,5,Brand 1,11,96.00,TVA,20,Inclusive,134.4,10,9782344027509,10,,Percentage,30,96.00, GLENAT,,, ODA |  ODA EIICHIRO |  XXX,,,,,03/01/2018,,,,,"BANDES DESSINÉES, COMICS, MANGAS",uploads/items/17.jpg
ONE PIECE - EDITION ORIGINALE - TOME 86 - OPERATION REGICIDE,livres,,,PIECES,5,Brand 1,11,96.00,TVA,20,Inclusive,134.4,10,9782344027523,10,,Percentage,30,96.00, GLENAT,,, ODA EIICHIRO |  XXX,,,,,04/04/2018,,,,,"BANDES DESSINÉES, COMICS, MANGAS",uploads/items/18.jpg
ONE PIECE - EDITION ORIGINALE - TOME 87 - IMPITOYABLE,livres,,,PIECES,5,Brand 1,11,96.00,TVA,20,Inclusive,134.4,10,9782344030042,10,,Percentage,30,96.00, GLENAT,,, ODA EIICHIRO |  XXX,,,,,04/07/2018,,,,,"BANDES DESSINÉES, COMICS, MANGAS",uploads/items/19.jpg
ONE PIECE - EDITION ORIGINALE - TOME 88 - LIONNE,livres,,,PIECES,5,Brand 1,11,96.00,TVA,20,Inclusive,134.4,10,9782344030059,10,,Percentage,30,96.00, GLENAT,,, ODA EIICHIRO |  XXX,,,,,17/10/2018,,,,,"BANDES DESSINÉES, COMICS, MANGAS",uploads/items/20.jpg
ONE PIECE - EDITION ORIGINALE - TOME 89 - BAD END MUSICAL,livres,,,PIECES,5,Brand 1,11,96.00,TVA,20,Inclusive,134.4,10,9782344033586,10,,Percentage,30,96.00, GLENAT,,, ODA EIICHIRO,,,,,02/01/2019,,,,,"BANDES DESSINÉES, COMICS, MANGAS",uploads/items/21.jpg
ONE PIECE - EDITION ORIGINALE - TOME 90,livres,,,PIECES,5,Brand 1,11,96.00,TVA,20,Inclusive,134.4,10,9782344033593,10,,Percentage,30,96.00, GLENAT,,, ODA EIICHIRO,,,,,03/04/2019,,,,,"BANDES DESSINÉES, COMICS, MANGAS",uploads/items/22.jpg
ONE PIECE - EDITION ORIGINALE - TOME 93,livres,,,PIECES,5,Brand 1,11,96.00,TVA,20,Inclusive,134.4,10,9782344041451,10,,Percentage,30,96.00, GLENAT,,, ODA EIICHIRO,,,,,02/01/2020,,,,,"BANDES DESSINÉES, COMICS, MANGAS",uploads/items/23.jpg
ONE PIECE - EDITION ORIGINALE - TOME 94,livres,,,PIECES,5,Brand 1,11,96.00,TVA,20,Inclusive,134.4,10,9782344042632,10,,Percentage,30,96.00, GLENAT,,, ODA EIICHIRO,,,,,27/05/2020,,,,,"BANDES DESSINÉES, COMICS, MANGAS",uploads/items/24.jpg
ONE PIECE - EDITION ORIGINALE - TOME 95,livres,,,PIECES,5,Brand 1,11,96.00,TVA,20,Inclusive,134.4,10,9782344043301,10,,Percentage,30,96.00, GLENAT,,, ODA EIICHIRO,,,,,01/07/2020,,,,,"BANDES DESSINÉES, COMICS, MANGAS",uploads/items/25.jpg
ONE PIECE - EDITION ORIGINALE - TOME 96,livres,,,PIECES,5,Brand 1,11,96.00,TVA,20,Inclusive,134.4,10,9782344044698,10,,Percentage,30,96.00, GLENAT,,, ODA EIICHIRO,,,,,07/10/2020,,,,,"BANDES DESSINÉES, COMICS, MANGAS",uploads/items/1.jpg
ONE PIECE - EDITION ORIGINALE - TOME 97,livres,,,PIECES,5,Brand 1,11,96.00,TVA,20,Inclusive,134.4,10,9782344046388,10,,Percentage,30,96.00, GLENAT,,, ODA EIICHIRO,,,,,06/01/2021,,,,,"BANDES DESSINÉES, COMICS, MANGAS",uploads/items/2.jpg
ONE PIECE - EDITION ORIGINALE - TOME 98,livres,,,PIECES,5,Brand 1,11,96.00,TVA,20,Inclusive,134.4,10,9782344047569,10,,Percentage,30,96.00, GLENAT,,, ODA EIICHIRO,,,,,19/05/2021,,,,,"BANDES DESSINÉES, COMICS, MANGAS",uploads/items/3.jpg
ONE PIECE - EDITION ORIGINALE - TOME 99,livres,,,PIECES,5,Brand 1,11,96.00,TVA,20,Inclusive,134.4,10,9782344048740,10,,Percentage,30,96.00, GLENAT,,, ODA EIICHIRO,,,,,15/09/2021,,,,,"BANDES DESSINÉES, COMICS, MANGAS",uploads/items/4.jpg
TOKYO GHOUL - TOME 01,livres,,,PIECES,5,Brand 1,11,96.00,TVA,20,Inclusive,67.2,10,9782723495615,10,,Percentage,30,96.00, GLENAT,,, ISHIDA |  ISHIDA SUI |  XXX,,,,,28/08/2013,,,,,THÈME NON PRÉCISÉ,uploads/items/5.jpg
TOKYO GHOUL - TOME 02,livres,,,PIECES,5,Brand 1,11,96.00,TVA,20,Inclusive,67.2,10,9782723495622,10,,Percentage,30,96.00, GLENAT,,, OSHIDA |  ISHIDA SUI |  XXX,,,,,06/11/2013,,,,,THÈME NON PRÉCISÉ,uploads/items/6.jpg
TOKYO GHOUL - TOME 03,livres,,,PIECES,5,Brand 1,11,96.00,TVA,20,Inclusive,67.2,10,9782723498289,10,,Percentage,30,96.00, GLENAT,,, ISHIDA |  ISHIDA SUI |  XXX,,,,,03/01/2014,,,,,"BANDES DESSINÉES, COMICS, MANGAS",uploads/items/7.jpg
TOKYO GHOUL - TOME 04,livres,,,PIECES,5,Brand 1,11,96.00,TVA,20,Inclusive,67.2,10,9782723498296,10,,Percentage,30,96.00, GLENAT,,, ISHIDA |  ISHIDA SUI |  XXX,,,,,05/03/2014,,,,,"BANDES DESSINÉES, COMICS, MANGAS",uploads/items/8.jpg
TOKYO GHOUL - TOME 05,livres,,,PIECES,5,Brand 1,11,96.00,TVA,20,Inclusive,67.2,10,9782723499354,10,,Percentage,30,96.00, GLENAT,,, ISHIDA |  ISHIDA SUI |  XXX,,,,,07/05/2014,,,,,"BANDES DESSINÉES, COMICS, MANGAS",uploads/items/9.jpg
TOKYO GHOUL - TOME 06,livres,,,PIECES,5,Brand 1,11,96.00,TVA,20,Inclusive,67.2,10,9782723499361,10,,Percentage,30,96.00, GLENAT,,, ISHIDA |  ISHIDA SUI |  XXX,,,,,02/07/2014,,,,,"BANDES DESSINÉES, COMICS, MANGAS",uploads/items/10.jpg
TOKYO GHOUL - TOME 07,livres,,,PIECES,5,Brand 1,11,96.00,TVA,20,Inclusive,67.2,10,9782344001844,10,,Percentage,30,96.00, GLENAT,,, ISHIDA |  ISHIDA SUI |  XXX,,,,,03/09/2014,,,,,"BANDES DESSINÉES, COMICS, MANGAS",uploads/items/11.jpg
TOKYO GHOUL - TOME 08,livres,,,PIECES,5,Brand 1,11,96.00,TVA,20,Inclusive,67.2,10,9782344004258,10,,Percentage,30,96.00, GLENAT,,, ISHIDA |  ISHIDA SUI |  XXX,,,,,05/11/2014,,,,,"BANDES DESSINÉES, COMICS, MANGAS",uploads/items/12.jpg
TOKYO GHOUL - TOME 09,livres,,,PIECES,5,Brand 1,11,96.00,TVA,20,Inclusive,67.2,10,9782344004951,10,,Percentage,30,96.00, GLENAT,,, ISHIDA |  ISHIDA SUI |  XXX,,,,,07/01/2015,,,,,"BANDES DESSINÉES, COMICS, MANGAS",uploads/items/13.jpg
TOKYO GHOUL - TOME 10,livres,,,PIECES,5,Brand 1,11,96.00,TVA,20,Inclusive,67.2,10,9782344006474,10,,Percentage,30,96.00, GLENAT,,, ISHIDA |  ISHIDA-S |  ISHIDA SUI |  XXX,,,,,04/03/2015,,,,,"BANDES DESSINÉES, COMICS, MANGAS",uploads/items/14.jpg
TOKYO GHOUL - TOME 11,livres,,,PIECES,5,Brand 1,11,96.00,TVA,20,Inclusive,67.2,10,9782344006580,10,,Percentage,30,96.00, GLENAT,,, ISHIDA |  ISHIDA SUI |  XXX,,,,,06/05/2015,,,,,"BANDES DESSINÉES, COMICS, MANGAS",uploads/items/15.jpg
TOKYO GHOUL - TOME 12,livres,,,PIECES,5,Brand 1,11,96.00,TVA,20,Inclusive,67.2,10,9782344008997,10,,Percentage,30,96.00, GLENAT,,, ISHIDA |  ISHIDA SUI |  XXX,,,,,01/07/2015,,,,,"BANDES DESSINÉES, COMICS, MANGAS",uploads/items/16.jpg
TOKYO GHOUL - TOME 13,livres,,,PIECES,5,Brand 1,11,96.00,TVA,20,Inclusive,67.2,10,9782344009130,10,,Percentage,30,96.00, GLENAT,,, ISHIDA |  ISHIDA SUI |  XXX,,,,,30/09/2015,,,,,"BANDES DESSINÉES, COMICS, MANGAS",uploads/items/17.jpg
TOKYO GHOUL - TOME 14,livres,,,PIECES,5,Brand 1,11,96.00,TVA,20,Inclusive,67.2,10,9782344010266,10,,Percentage,30,96.00, GLENAT,,, ISHIDA |  ISHIDA SUI |  XXX,,,,,25/11/2015,,,,,"BANDES DESSINÉES, COMICS, MANGAS",uploads/items/18.jpg
TOKYO GHOUL RE - TOME 01,livres,,,PIECES,5,Brand 1,11,96.00,TVA,20,Inclusive,67.2,10,9782344013267,10,,Percentage,30,96.00, GLENAT,,, ISHIDA |  ISHIDA SUI |  XXX,,,,,06/01/2016,,,,,"BANDES DESSINÉES, COMICS, MANGAS",uploads/items/19.jpg
TOKYO GHOUL RE - TOME 02,livres,,,PIECES,5,Brand 1,11,96.00,TVA,20,Inclusive,67.2,10,9782344013250,10,,Percentage,30,96.00, GLENAT,,, ISHIDA |  ISHIDA SUI |  XXX,,,,,02/03/2016,,,,,"BANDES DESSINÉES, COMICS, MANGAS",uploads/items/20.jpg
TOKYO GHOUL RE - TOME 03,livres,,,PIECES,5,Brand 1,11,96.00,TVA,20,Inclusive,67.2,10,9782344013243,10,,Percentage,30,96.00, GLENAT,,, ISHIDA |  ISHIDA SUI |  XXX,,,,,11/05/2016,,,,,"BANDES DESSINÉES, COMICS, MANGAS",uploads/items/21.jpg
TOKYO GHOUL RE - TOME 04,livres,,,PIECES,5,Brand 1,11,96.00,TVA,20,Inclusive,67.2,10,9782344014936,10,,Percentage,30,96.00, GLENAT,,, ISHIDA |  ISHIDA SUI |  XXX,,,,,06/07/2016,,,,,"BANDES DESSINÉES, COMICS, MANGAS",uploads/items/22.jpg
TOKYO GHOUL RE - TOME 05,livres,,,PIECES,5,Brand 1,11,96.00,TVA,20,Inclusive,67.2,10,9782344017449,10,,Percentage,30,96.00, GLENAT,,, ISHIDA |  ISHIDA SUI |  XXX,,,,,14/09/2016,,,,,"BANDES DESSINÉES, COMICS, MANGAS",uploads/items/23.jpg
TOKYO GHOUL RE - TOME 16,livres,,,PIECES,5,Brand 1,11,108.00,TVA,20,Inclusive,75.6,10,9782344035283,10,,Percentage,30,108.00, GLENAT,,, ISHIDA SUI,,,,,17/04/2019,,,,,"BANDES DESSINÉES, COMICS, MANGAS",uploads/items/24.jpg
TOKYO REVENGERS - TOME 02,livres,,,PIECES,5,Brand 1,11,96.00,TVA,20,Inclusive,67.2,10,9782344035306,10,,Percentage,30,96.00, GLENAT,,, WAKUI KEN,,,,,19/06/2019,,,,,"BANDES DESSINÉES, COMICS, MANGAS",uploads/items/25.jpg
TOKYO REVENGERS - TOME 03,livres,,,PIECES,5,Brand 1,11,96.00,TVA,20,Inclusive,67.2,10,9782344035313,10,,Percentage,30,96.00, GLENAT,,, WAKUI KEN,,,,,21/08/2019,,,,,"BANDES DESSINÉES, COMICS, MANGAS",uploads/items/1.jpg
TOKYO REVENGERS - TOME 04,livres,,,PIECES,5,Brand 1,11,96.00,TVA,20,Inclusive,67.2,10,9782344035320,10,,Percentage,30,96.00, GLENAT,,, WAKUI KEN,,,,,02/10/2019,,,,,"BANDES DESSINÉES, COMICS, MANGAS",uploads/items/2.jpg
TOKYO REVENGERS - TOME 05,livres,,,PIECES,5,Brand 1,11,96.00,TVA,20,Inclusive,67.2,10,9782344035337,10,,Percentage,30,96.00, GLENAT,,, WAKUI KEN,,,,,02/01/2020,,,,,"BANDES DESSINÉES, COMICS, MANGAS",uploads/items/3.jpg
TOKYO REVENGERS - TOME 06,livres,,,PIECES,5,Brand 1,11,96.00,TVA,20,Inclusive,67.2,10,9782344040331,10,,Percentage,30,96.00, GLENAT,,, WAKUI KEN,,,,,04/03/2020,,,,,"BANDES DESSINÉES, COMICS, MANGAS",uploads/items/4.jpg
TOKYO REVENGERS - TOME 07,livres,,,PIECES,5,Brand 1,11,96.00,TVA,20,Inclusive,67.2,10,9782344040348,10,,Percentage,30,96.00, GLENAT,,, WAKUI KEN,,,,,17/06/2020,,,,,"BANDES DESSINÉES, COMICS, MANGAS",uploads/items/5.jpg
TOKYO REVENGERS - TOME 08,livres,,,PIECES,5,Brand 1,11,96.00,TVA,20,Inclusive,67.2,10,9782344040355,10,,Percentage,30,96.00, GLENAT,,, WAKUI KEN,,,,,02/09/2020,,,,,"BANDES DESSINÉES, COMICS, MANGAS",uploads/items/6.jpg
TOKYO REVENGERS - TOME 09,livres,,,PIECES,5,Brand 1,11,96.00,TVA,20,Inclusive,67.2,10,9782344040362,10,,Percentage,30,96.00, GLENAT,,, WAKUI KEN,,,,,04/11/2020,,,,,"BANDES DESSINÉES, COMICS, MANGAS",uploads/items/7.jpg
TOKYO REVENGERS - TOME 10,livres,,,PIECES,5,Brand 1,11,96.00,TVA,20,Inclusive,67.2,10,9782344040379,10,,Percentage,30,96.00, GLENAT,,, WAKUI KEN,,,,,06/01/2021,,,,,"BANDES DESSINÉES, COMICS, MANGAS",uploads/items/8.jpg
TOKYO REVENGERS - TOME 11,livres,,,PIECES,5,Brand 1,11,96.00,TVA,20,Inclusive,67.2,10,9782344040577,10,,Percentage,30,96.00, GLENAT,,, WAKUI KEN,,,,,03/03/2021,,,,,"BANDES DESSINÉES, COMICS, MANGAS",uploads/items/9.jpg
TOKYO REVENGERS - TOME 12,livres,,,PIECES,5,Brand 1,11,96.00,TVA,20,Inclusive,67.2,10,9782344040584,10,,Percentage,30,96.00, GLENAT,,, WAKUI KEN,,,,,07/04/2021,,,,,"BANDES DESSINÉES, COMICS, MANGAS",uploads/items/10.jpg
TOKYO REVENGERS - TOME 13,livres,,,PIECES,5,Brand 1,11,96.00,TVA,20,Inclusive,67.2,10,9782344041611,10,,Percentage,30,96.00, GLENAT,,, WAKUI KEN,,,,,07/07/2021,,,,,"BANDES DESSINÉES, COMICS, MANGAS",uploads/items/11.jpg
TOKYO REVENGERS - TOME 14,livres,,,PIECES,5,Brand 1,11,96.00,TVA,20,Inclusive,67.2,10,9782344043325,10,,Percentage,30,96.00, GLENAT,,, WAKUI KEN,,,,,01/09/2021,,,,,"BANDES DESSINÉES, COMICS, MANGAS",uploads/items/12.jpg
TOKYO REVENGERS - TOME 15,livres,,,PIECES,5,Brand 1,11,96.00,TVA,20,Inclusive,67.2,10,9782344043332,10,,Percentage,30,96.00, GLENAT,,, WAKUI KEN,,,,,10/11/2021,,,,,"BANDES DESSINÉES, COMICS, MANGAS",uploads/items/13.jpg
TOKYO REVENGERS - TOME 16,livres,,,PIECES,5,Brand 1,11,96.00,TVA,20,Inclusive,67.2,10,9782344045435,10,,Percentage,30,96.00, GLENAT,,, WAKUI KEN,,,,,19/01/2022,,,,,"BANDES DESSINÉES, COMICS, MANGAS",uploads/items/14.jpg
TOKYO REVENGERS - TOME 17,livres,,,PIECES,5,Brand 1,11,96.00,TVA,20,Inclusive,67.2,10,9782344049273,10,,Percentage,30,96.00, GLENAT,,, WAKUI KEN,,,,,16/03/2022,,,,,"BANDES DESSINÉES, COMICS, MANGAS",uploads/items/15.jpg
TOKYO REVENGERS - TOME 18,livres,,,PIECES,5,Brand 1,11,96.00,TVA,20,Inclusive,67.2,10,9782344049280,10,,Percentage,30,96.00, GLENAT,,, WAKUI KEN,,,,,18/05/2022,,,,,"BANDES DESSINÉES, COMICS, MANGAS",uploads/items/16.jpg
"BIBLIOCOLLEGE - LETTRES DE MON MOULIN, ALPHONSE DAUDET",livres,,,PIECES,5,Brand 1,11,47.00,TVA,20,Inclusive,35.25,10,9782011681539,10,,Percentage,25,47.00, HACHETTE EDUC,,, DAUDET ALPHONSE |  DAUDET-A |  XXX,,,,,18/10/2000,,,,,THÈME NON PRÉCISÉ,uploads/items/17.jpg
"BIBLIOCOLLEGE - L'ECOLE DES FEMMES, MOLIERE",livres,,,PIECES,5,Brand 1,11,47.00,TVA,20,Inclusive,35.25,10,9782011681171,10,,Percentage,25,47.00, HACHETTE EDUC,,, MOLIERE |  XXX,,,,,01/09/2000,,,,,THÈME NON PRÉCISÉ,uploads/items/18.jpg
"BIBLIOLYCEE - LES MISERABLES, VICTOR HUGO",livres,,,PIECES,5,Brand 1,11,76.00,TVA,20,Inclusive,57,10,9782011689962,10,,Percentage,25,76.00, HACHETTE EDUC,,, HUGO VICTOR |  HUGO-V+LEROUGE-C |  XXX,,,,,15/07/2004,,,,,THÈME NON PRÉCISÉ,uploads/items/19.jpg
"BIBLIOCOLLEGE - POIL DE CAROTTE, JULES RENARD",livres,,,PIECES,5,Brand 1,11,47.00,TVA,20,Inclusive,35.25,10,9782011682253,10,,Percentage,25,47.00, HACHETTE EDUC,,, RENARD JULES |  RENARD-J+MANDOPOULOS |  XXX,,,,,25/04/2001,,,,,THÈME NON PRÉCISÉ,uploads/items/20.jpg
"BIBLIOLYCEE - CLAUDE GUEUX, VICTOR HUGO",livres,,,PIECES,5,Brand 1,11,49.00,TVA,20,Inclusive,36.75,10,9782011691934,10,,Percentage,25,49.00, HACHETTE EDUC,,, HUGO VICTOR |  HUGO+LOUET-B |  XXX,,,,,05/04/2006,,,,,THÈME NON PRÉCISÉ,uploads/items/21.jpg
"BIBLIOCOLLEGE - NOUVELLES POLICIERES, AGATHA CHRISTIE",livres,,,PIECES,5,Brand 1,11,47.00,TVA,20,Inclusive,35.25,10,9782011679659,10,,Percentage,25,47.00, HACHETTE EDUC,,, CHRISTIE-A+GUINOISEA |  CHRISTIE AGATHA |  XXX,,,,,17/05/2000,,,,,THÈME NON PRÉCISÉ,uploads/items/22.jpg
"BIBLIOCOLLEGE - LE GRAND MEAULNES, ALAIN FOURNIER",livres,,,PIECES,5,Brand 1,11,62.00,TVA,20,Inclusive,46.5,10,9782012814608,10,,Percentage,25,62.00, HACHETTE EDUC,,, ALAIN-FOURNIER |  ALAIN-FOURNIER+DE LI |  XXX,,,,,21/04/2010,,,,,THÈME NON PRÉCISÉ,uploads/items/23.jpg
"BIBLIOCOLLEGE - TAMANGO, PROSPER MERIMEE",livres,,,PIECES,5,Brand 1,11,47.00,TVA,20,Inclusive,35.25,10,9782011694775,10,,Percentage,25,47.00, HACHETTE EDUC,,, MERIMEE PROSPER |  MERIMEE-P+GUINOISEAU |  XXX,,,,,25/04/2007,,,,,THÈME NON PRÉCISÉ,uploads/items/24.jpg
"BIBLIOLYCEE - L'ASSOMMOIR, EMILE ZOLA",livres,,,PIECES,5,Brand 1,11,76.00,TVA,20,Inclusive,57,10,9782012814677,10,,Percentage,25,76.00, HACHETTE EDUC,,, ZOLA EMILE |  ZOLA+AUTIQUET-A |  XXX,,,,,10/08/2011,,,,,THÈME NON PRÉCISÉ,uploads/items/25.jpg
"BIBLIOLYCEE - LE PERE GORIOT, BALZAC",livres,,,PIECES,5,Brand 1,11,76.00,TVA,20,Inclusive,57,10,9782012814684,10,,Percentage,25,76.00, HACHETTE EDUC,,, BALZAC HONORE |  BALZAC+BREMOND-V |  XXX,,,,,11/01/2012,,,,,THÈME NON PRÉCISÉ,uploads/items/1.jpg
"BIBLIOLYCEE - MADAME BOVARY, GUSTAVE FLAUBERT",livres,,,PIECES,5,Brand 1,11,62.00,TVA,20,Inclusive,46.5,10,9782013949514,10,,Percentage,25,62.00, HACHETTE EDUC,,, FLAUBERT GUSTAVE |  DE LISLE-I |  XXX |  FLAUBERT,,,,,20/08/2014,,,,,PARASCOLAIRE,uploads/items/2.jpg
"BIBLIOCOLLEGE - L'AVARE, MOLIERE",livres,,,PIECES,5,Brand 1,11,47.00,TVA,20,Inclusive,35.25,10,9782012706132,10,,Percentage,25,47.00, HACHETTE EDUC,,, MOLIERE |  DELISLE-I |  XXX,,,,,26/08/2015,,,,,PARASCOLAIRE,uploads/items/3.jpg
"BIBLIOCOLLEGE - L'ILE AU TRESOR, STEVENSON",livres,,,PIECES,5,Brand 1,11,47.00,TVA,20,Inclusive,35.25,10,9782013949668,10,,Percentage,25,47.00, HACHETTE EDUC,,, STEVENSON R L. |  STEVENSON-R+LANDAT-J |  XXX |  STEVENSON/LANDAT,,,,,24/08/2016,,,,,THÈME NON PRÉCISÉ,uploads/items/4.jpg
"BIBLIOCOLLEGE - LA VENUS D'ILLE, PROSPER MERIMEE",livres,,,PIECES,5,Brand 1,11,47.00,TVA,20,Inclusive,35.25,10,9782013949644,10,,Percentage,25,47.00, HACHETTE EDUC,,, MERIMEE PROSPER |  COLLECTIF |  XXX |  MERIMEE/GROSSIR,,,,,25/01/2017,,,,,THÈME NON PRÉCISÉ,uploads/items/5.jpg
"BIBLIOCOLLEGE - ALICE AU PAYS DES MERVEILLES, LEWIS CARROLL",livres,,,PIECES,5,Brand 1,11,47.00,TVA,20,Inclusive,35.25,10,9782013949729,10,,Percentage,25,47.00, HACHETTE EDUC,,, CARROLL LEWIS |  CAROLL LEWIS |  XXX |  CARROLL/LISLE |  CAROLL-L+DE LISLE-I,,,,,05/04/2017,,,,,LITTÉRATURE GÉNÉRALE,uploads/items/6.jpg
"BIBLIOCOLLEGE - LE BOURGEOIS GENTILHOMME, MOLIERE",livres,,,PIECES,5,Brand 1,11,47.00,TVA,20,Inclusive,35.25,10,9782013949750,10,,Percentage,25,47.00, HACHETTE EDUC,,, MOLIERE |  MOLIERE+MENEU-C |  XXX |  MOLIERE/MENEU,,,,,07/06/2017,,,,,LITTÉRATURE GÉNÉRALE,uploads/items/7.jpg
"BIBLIOCOLLEGE - CLAUDE GUEUX, VICTOR HUGO",livres,,,PIECES,5,Brand 1,11,47.00,TVA,20,Inclusive,35.25,10,9782013949934,10,,Percentage,25,47.00, HACHETTE EDUC,,, HUGO VICTOR |  XXX,,,,,31/01/2018,,,,,LITTÉRATURE GÉNÉRALE,uploads/items/8.jpg
"BIBLIOLYCEE - ANDROMAQUE, RACINE",livres,,,PIECES,5,Brand 1,11,49.00,TVA,20,Inclusive,36.75,10,9782017064534,10,,Percentage,25,49.00, HACHETTE EDUC,,, RACINE/MARIN,,,,,22/05/2019,,,,,LITTÉRATURE GÉNÉRALE,uploads/items/9.jpg
"BIBLIOCOLLEGE - LE MALADE IMAGINAIRE, MOLIERE",livres,,,PIECES,5,Brand 1,11,47.00,TVA,20,Inclusive,35.25,10,9782017064572,10,,Percentage,25,47.00, HACHETTE EDUC,,, MOLIERE/LISLE,,,,,27/02/2019,,,,,LITTÉRATURE GÉNÉRALE,uploads/items/10.jpg
"BIBLIOCOLLEGE - UN COEUR SIMPLE, FLAUBERT",livres,,,PIECES,5,Brand 1,11,47.00,TVA,20,Inclusive,35.25,10,9782013949972,10,,Percentage,25,47.00, HACHETTE EDUC,,, FLAUBERT GUSTAVE,,,,,31/10/2018,,,,,LITTÉRATURE GÉNÉRALE,uploads/items/11.jpg
"BIBLIOLYCEE - L'ECOLE DES FEMMES, MOLIERE - PARCOURS COMEDIE ET SATIRE (TEXTE INTEGRAL)",livres,,,PIECES,5,Brand 1,11,49.00,TVA,20,Inclusive,36.75,10,9782017064671,10,,Percentage,25,49.00, HACHETTE EDUC,,, XXX |  MOLIERE/LISLE,,,,,22/05/2019,,,,,LITTÉRATURE GÉNÉRALE,uploads/items/12.jpg
"BIBLIOCOLLEGE - LES MISERABLES, VICTOR HUGO",livres,,,PIECES,5,Brand 1,11,62.00,TVA,20,Inclusive,46.5,10,9782017120841,10,,Percentage,25,62.00, HACHETTE EDUC,,, DE RAPHELIS SEVERINE,,,,,10/06/2020,,,,,PARASCOLAIRE,uploads/items/13.jpg
"BIBLIOCOLLEGE - LE CID, CORNEILLE",livres,,,PIECES,5,Brand 1,11,47.00,TVA,20,Inclusive,35.25,10,9782017132974,10,,Percentage,25,47.00, HACHETTE EDUC,,, CORNEILLE,,,,,09/06/2021,,,,,PARASCOLAIRE,uploads/items/14.jpg
BIBLIOCOLLEGE ODYSSEE (HOMERE),livres,,,PIECES,5,Brand 1,11,47.00,TVA,20,Inclusive,35.25,10,9782017166894,10,,Percentage,25,47.00, HACHETTE EDUC,,, HOMERE |  HOMERE/LISLE,,,,,20/04/2022,,,,,THÈME NON PRÉCISÉ,uploads/items/15.jpg
"BIBLIOCOLLEGE - LES FOURBERIES DE SCAPIN, MOLIERE",livres,,,PIECES,5,Brand 1,11,47.00,TVA,20,Inclusive,35.25,10,9782017166955,10,,Percentage,25,47.00, HACHETTE EDUC,,, MOLIERE/GRENON/MENEU,,,,,22/06/2022,,,,,PARASCOLAIRE,uploads/items/16.jpg
"BIBLIOCOLLEGE - CONTES, GRIMM",livres,,,PIECES,5,Brand 1,11,47.00,TVA,20,Inclusive,35.25,10,9782011686848,10,,Percentage,25,47.00, HACHETTE EDUC,,, ROBINOT-M.H |  GRIMM FRERES |  XXX |  FRERES GRIMM,,,,,02/04/2003,,,,,THÈME NON PRÉCISÉ,uploads/items/17.jpg
"BIBLIOLYCEE - ON NE BADINE PAS AVEC L'AMOUR, ALFRED DE MUSSET",livres,,,PIECES,5,Brand 1,11,49.00,TVA,20,Inclusive,36.75,10,9782011686985,10,,Percentage,25,49.00, HACHETTE EDUC,,, MUSSET (DE) ALFRED |  LE SCANFF |  XXX |  MUSSET ALFRED,,,,,30/04/2003,,,,,THÈME NON PRÉCISÉ,uploads/items/18.jpg
"BIBLIOCOLLEGE - L'ENFANT, JULES VALLES",livres,,,PIECES,5,Brand 1,11,62.00,TVA,20,Inclusive,46.5,10,9782011692009,10,,Percentage,25,62.00, HACHETTE EDUC,,, VALLES JULES |  VALL S+LOUET-B |  XXX |  VALLES+LOUET-B,,,,,16/08/2006,,,,,THÈME NON PRÉCISÉ,uploads/items/19.jpg
